"num","year","month","day","week","hour","minute"
1,2012,1,13,"周五",21,40
2,2012,1,14,"周六",21,41
3,2012,1,15," 周日",21,53
4,2012,1,16,"周一",21,58
5,2012,1,17,"周二",21,45
6,2012,1,18,"周三",21,51
7,2012,1,19,"周四",22,1
8,2012,1,20,"周五",21,43
9,2012,1,21,"周六",21,35
10,2012,1,22,"周日",21,53
11,2012,1,23,"周一",21,55
12,2012,1,25,"周三",22,6
13,2012,1,26,"周四",21,42
14,2012,1,27,"周五",21,55
15,2012,1,28,"周六",22,10
16,2012,1,29,"周日",22,5
17,2012,1,30,"周一",21,45
18,2012,1,31,"周二",21,58
19,2012,2,1,"周三",21,31
20,2012,2,2,"周四",21,32
21,2012,2,3,"周五",21,52
22,2012,2,4,"周六",21,54
23,2012,2,5,"周日",21,58
24,2012,2,6,"周一",22,6
25,2012,2,7,"周二",21,44
26,2012,2,9,"周四",8,47
27,2012,2,10,"周五",20,57
28,2012,2,11,"周六",21,38
29,2012,2,12,"周日",21,3
30,2012,2,13,"周一",21,27
31,2012,2,14,"周二",21,30
32,2012,2,15,"周三",21,22
33,2012,2,16,"周四",21,32
34,2012,2,17,"周五",21,51
35,2012,2,18,"周六",21,34
36,2012,2,19,"周日",21,44
37,2012,2,20,"周一",21,56
38,2012,2,21,"周二",21,36
39,2012,2,22,"周三",21,54
40,2012,2,23,"周四",21,49
41,2012,2,24,"周五",21,42
42,2012,2,25,"周六",21,55
43,2012,2,26,"周日",21,58
44,2012,2,27,"周一",21,45
45,2012,2,28,"周二",21,49
46,2012,2,29,"周三",22,2
47,2012,3,1,"周四",21,41
48,2012,3,2,"周五",22,10
49,2012,3,3,"周六",19,15
50,2012,3,4,"周日",21,46
51,2012,3,5,"周一",21,48
52,2012,3,6,"周二",21,55
53,2012,3,7,"周三",21,46
54,2012,3,8,"周四",20,35
55,2012,3,9,"周五",21,29
56,2012,3,10,"周六",20,32
57,2012,3,11,"周日",21,22
58,2012,3,12,"周一",21,22
59,2012,3,13,"周二",20,58
60,2012,3,14,"周三",21,8
61,2012,3,15,"周四",21,22
62,2012,3,16,"周五",22,6
63,2012,3,17,"周六",21,50
64,2012,3,18,"周日",20,50
65,2012,3,19,"周一",20,24
66,2012,3,20,"周二",21,47
67,2012,3,21,"周三",21,47
68,2012,3,22,"周四",21,54
69,2012,3,23,"周五",21,46
70,2012,3,24,"周六",21,34
71,2012,3,25,"周日",21,15
72,2012,3,26,"周一",21,40
73,2012,3,27,"周二",21,56
74,2012,3,28,"周三",21,58
75,2012,3,29,"周四",20,47
76,2012,3,30,"周五",21,22
77,2012,3,31,"周六",21,34
78,2012,4,1,"周日",22,12
79,2012,4,2,"周一",21,37
80,2012,4,3,"周二",21,39
81,2012,4,4,"周三",21,20
82,2012,4,5,"周四",21,17
83,2012,4,6,"周五",21,21
84,2012,4,7,"周六",21,45
85,2012,4,8,"周日",21,36
86,2012,4,9,"周一",21,38
87,2012,4,10,"周二",21,54
88,2012,4,11,"周三",21,38
89,2012,4,12,"周四",21,10
90,2012,4,14,"周六",21,31
91,2012,4,15,"周日",21,32
92,2012,4,16,"周一",22,20
93,2012,4,17,"周二",21,45
94,2012,4,18,"周三",21,26
95,2012,4,19,"周四",21,32
96,2012,4,20,"周五",21,44
97,2012,4,21,"周六",20,36
98,2012,4,22,"周日",21,34
99,2012,4,24,"周二",21,22
100,2012,4,25,"周三",21,47
101,2012,4,26,"周四",22,22
102,2012,4,27,"周五",22,11
103,2012,4,29,"周日",21,15
104,2012,4,30,"周一",22,11
105,2012,5,1,"周二",20,51
106,2012,5,2,"周三",21,19
107,2012,5,3,"周四",21,1
108,2012,5,4,"周五",21,3
109,2012,5,5,"周六",21,28
110,2012,5,6,"周日",21,15
111,2012,5,7,"周一",21,15
112,2012,5,8,"周二",21,39
113,2012,5,9,"周三",21,28
114,2012,5,10,"周四",21,48
115,2012,5,11,"周五",21,41
116,2012,5,12,"周六",21,37
117,2012,5,13,"周日",21,19
118,2012,5,14,"周一",21,27
119,2012,5,16,"周三",22,16
120,2012,5,17,"周四",21,46
121,2012,5,18,"周五",21,56
122,2012,5,19,"周六",21,38
123,2012,5,20,"周日",21,19
124,2012,5,21,"周一",21,54
125,2012,5,22,"周二",20,55
126,2012,5,23,"周三",21,56
127,2012,5,24,"周四",21,34
128,2012,5,25,"周五",20,56
129,2012,5,26,"周六",21,36
130,2012,5,27,"周日",21,28
131,2012,5,28,"周一",21,26
132,2012,5,29,"周二",20,49
133,2012,5,30,"周三",21,18
134,2012,5,31,"周四",21,38
135,2012,6,1,"周五",21,24
136,2012,6,2,"周六",21,23
137,2012,6,3,"周日",21,57
138,2012,6,5,"周二",21,36
139,2012,6,6,"周三",21,7
140,2012,6,7,"周四",21,6
141,2012,6,8,"周五",21,17
142,2012,6,9,"周六",21,27
143,2012,6,10,"周日",21,13
144,2012,6,11,"周一",21,3
145,2012,6,12,"周二",22,15
146,2012,6,13,"周三",21,16
147,2012,6,14,"周四",21,42
148,2012,6,15,"周五",21,26
149,2012,6,16,"周六",21,7
150,2012,6,17,"周日",21,5
151,2012,6,18,"周一",21,6
152,2012,6,19,"周二",21,41
153,2012,6,20,"周三",21,48
154,2012,6,22,"周五",20,21
155,2012,6,23,"周六",21,55
156,2012,6,24,"周日",21,12
157,2012,6,25,"周一",21,30
158,2012,6,26,"周二",21,19
159,2012,6,27,"周三",21,44
160,2012,6,28,"周四",21,26
161,2012,6,29,"周五",21,36
162,2012,6,30,"周六",21,35
163,2012,7,1,"周日",21,11
164,2012,7,2,"周一",21,54
165,2012,7,3,"周二",21,56
166,2012,7,4,"周三",22,29
167,2012,7,5,"周四",21,12
168,2012,7,6,"周五",21,32
169,2012,7,7,"周六",21,35
170,2012,7,8,"周日",21,54
171,2012,7,9,"周一",21,27
172,2012,7,11,"周三",22,14
173,2012,7,12,"周四",21,21
174,2012,7,13,"周五",22,13
175,2012,7,14,"周六",21,45
176,2012,7,15,"周日",21,22
177,2012,7,16,"周一",21,47
178,2012,7,17,"周二",22,19
179,2012,7,18,"周三",21,14
180,2012,7,19,"周四",21,26
181,2012,7,20,"周五",21,14
182,2012,7,21,"周六",21,4
183,2012,7,22,"周日",21,59
184,2012,7,23,"周一",21,53
185,2012,7,24,"周二",21,41
186,2012,7,25,"周三",20,44
187,2012,7,26,"周四",22,12
188,2012,7,27,"周五",22,3
189,2012,7,28,"周六",21,11
190,2012,7,29,"周日",21,12
191,2012,7,30,"周一",21,20
192,2012,7,31,"周二",22,5
193,2012,8,1,"周三",21,41
194,2012,8,3,"周五",21,15
195,2012,8,4,"周四",21,47
196,2012,8,5,"周日",21,32
197,2012,8,6,"周一",21,52
198,2012,8,7,"周二",21,20
199,2012,8,8,"周三",21,25
200,2012,8,9,"周四",21,57
201,2012,8,10,"周五",21,16
202,2012,8,11,"周六",20,50
203,2012,8,12,"周日",21,16
204,2012,8,13,"周一",21,15
205,2012,8,14,"周二",21,24
206,2012,8,15,"周三",21,36
207,2012,8,16,"周四",21,10
208,2012,8,17,"周五",21,40
209,2012,8,18,"周六",21,5
210,2012,8,19,"周日",21,13
211,2012,8,20,"周一",21,17
212,2012,8,21,"周二",21,23
213,2012,8,22,"周三",21,26
214,2012,8,23,"周四",20,53
215,2012,8,24,"周五",21,10
216,2012,8,25,"周六",21,23
217,2012,8,26,"周日",21,28
218,2012,8,27,"周一",21,15
219,2012,8,28,"周二",21,18
220,2012,8,29,"周三",21,11
221,2012,8,30,"周四",21,6
222,2012,8,31,"周五",21,23
223,2012,9,1,"周六",21,25
224,2012,9,2,"周日",21,0
225,2012,9,3,"周一",21,15
226,2012,9,4,"周二",21,2
227,2012,9,5,"周三",21,27
228,2012,9,6,"周四",21,32
229,2012,9,7,"周五",20,55
230,2012,9,8,"周六",20,56
231,2012,9,9,"周日",21,0
232,2012,9,10,"周一",21,23
233,2012,9,11,"周二",21,12
234,2012,9,12,"周三",21,7
235,2012,9,13,"周四",21,24
236,2012,9,14,"周五",22,47
237,2012,9,15,"周六",21,31
238,2012,9,16,"周日",20,57
239,2012,9,17,"周一",21,58
240,2012,9,18,"周二",21,31
241,2012,9,19,"周三",21,35
242,2012,9,20,"周四",21,59
243,2012,9,21,"周五",22,21
244,2012,9,22,"周六",21,32
245,2012,9,23,"周日",21,18
246,2012,9,24,"周一",23,6
247,2012,9,25,"周二",20,57
248,2012,9,26,"周三",20,4
249,2012,9,27,"周四",22,43
250,2012,9,28,"周五",21,35
251,2012,9,29,"周六",21,44
252,2012,9,30,"周日",20,46
253,2012,10,1,"周一",22,21
254,2012,10,2,"周二",21,27
255,2012,10,3,"周三",21,45
256,2012,10,4,"周四",21,17
257,2012,10,5,"周五",21,2
258,2012,10,6,"周六",21,23
259,2012,10,7,"周日",20,59
260,2012,10,8,"周一",21,16
261,2012,10,12,"周五",21,34
262,2012,10,14,"周日",20,27
263,2012,10,15,"周一",20,43
264,2012,10,16,"周二",21,21
265,2012,10,17,"周三",21,33
266,2012,10,18,"周四",21,1
267,2012,10,19,"周五",21,0
268,2012,10,20,"周六",21,9
269,2012,10,21,"周日",20,21
270,2012,10,22,"周一",20,4
271,2012,10,25,"周四",21,31
272,2012,10,26,"周五",21,5
273,2012,10,27,"周六",20,47
274,2012,10,29,"周一",21,18
275,2012,10,30,"周二",21,18
276,2012,10,31,"周三",21,21
277,2012,11,1,"周四",21,8
278,2012,11,2,"周五",21,11
279,2012,11,3,"周六",20,56
280,2012,11,4,"周日",21,47
281,2012,11,5,"周一",21,3
282,2012,11,6,"周二",21,3
283,2012,11,7,"周三",21,18
284,2012,11,8,"周四",21,20
285,2012,11,9,"周五",21,23
286,2012,11,10,"周六",21,18
287,2012,11,11,"周日",21,7
288,2012,11,12,"周一",21,29
289,2012,11,13,"周二",21,33
290,2012,11,14,"周三",21,1
291,2012,11,15,"周四",22,7
292,2012,11,16,"周五",21,30
293,2012,11,17,"周六",21,22
294,2012,11,18,"周日",21,32
295,2012,11,19,"周一",21,13
296,2012,11,20,"周二",21,10
297,2012,11,21,"周三",21,1
298,2012,11,22,"周四",21,15
299,2012,11,23,"周五",21,41
300,2012,11,24,"周六",21,20
301,2012,11,25,"周日",20,56
302,2012,11,26,"周一",21,17
303,2012,11,27,"周二",20,54
304,2012,11,28,"周三",21,9
305,2012,11,29,"周四",21,10
306,2012,11,30,"周五",21,12
307,2012,12,1,"周六",21,5
308,2012,12,2,"周日",21,5
309,2012,12,3,"周一",21,21
310,2012,12,4,"周二",21,29
311,2012,12,5,"周三",21,28
312,2012,12,6,"周四",21,34
313,2012,12,7,"周五",21,13
314,2012,12,8,"周六",20,48
315,2012,12,9,"周日",21,17
316,2012,12,10,"周一",21,9
317,2012,12,11,"周二",21,23
318,2012,12,12,"周三",21,14
319,2012,12,14,"周五",21,11
320,2012,12,15,"周六",21,15
321,2012,12,16,"周日",21,32
322,2012,12,17,"周一",21,14
323,2012,12,18,"周二",21,8
324,2012,12,19,"周三",21,13
325,2012,12,20,"周四",21,5
326,2012,12,21,"周五",21,23
327,2012,12,22,"周六",21,18
328,2012,12,23,"周日",20,58
329,2012,12,24,"周一",22,56
330,2012,12,25,"周二",21,5
331,2012,12,26,"周三",21,5
332,2012,12,27,"周四",22,33
333,2012,12,28,"周五",21,2
334,2012,12,29,"周六",21,30
335,2012,12,30,"周日",21,14
336,2012,12,31,"周一",21,40
337,2013,1,1,"周二",21,17
338,2013,1,2,"周三",20,48
339,2013,1,3,"周四",21,20
340,2013,1,4,"周五",21,43
341,2013,1,5,"周六",21,14
342,2013,1,6,"周日",21,33
343,2013,1,7,"周一",21,38
344,2013,1,8,"周二",20,54
345,2013,1,9,"周三",21,21
346,2013,1,10,"周四",21,16
347,2013,1,11,"周五",22,34
348,2013,1,12,"周六",21,40
349,2013,1,13,"周日",21,40
350,2013,1,14,"周一",21,39
351,2013,1,15,"周二",21,28
352,2013,1,16,"周三",21,30
353,2013,1,17,"周四",21,46
354,2013,1,18,"周五",21,37
355,2013,1,19,"周六",21,28
356,2013,1,20,"周日",21,30
357,2013,1,21,"周一",21,44
358,2013,1,22,"周二",21,28
359,2013,1,23,"周三",21,32
360,2013,1,24,"周四",21,36
361,2013,1,25,"周五",21,18
362,2013,1,26,"周六",21,23
363,2013,1,27,"周日",21,28
364,2013,1,28,"周一",21,41
365,2013,1,29,"周二",21,26
366,2013,1,30,"周三",22,8
367,2013,1,31,"周四",21,19
368,2013,2,1,"周五",21,28
369,2013,2,2,"周六",21,1
370,2013,2,3,"周日",21,29
371,2013,2,4,"周一",21,23
372,2013,2,5,"周二",21,27
373,2013,2,6,"周三",21,32
374,2013,2,7,"周四",21,20
375,2013,2,8,"周五",21,45
376,2013,2,9,"周六",21,38
377,2013,2,10,"周日",21,41
378,2013,2,11,"周一",21,38
379,2013,2,12,"周二",21,34
380,2013,2,13,"周三",21,4
381,2013,2,14,"周四",21,27
382,2013,2,15,"周五",21,36
383,2013,2,16,"周六",21,0
384,2013,2,17,"周日",21,32
385,2013,2,18,"周一",22,21
386,2013,2,19,"周二",21,32
387,2013,2,20,"周三",21,21
388,2013,2,21,"周四",20,54
389,2013,2,22,"周五",22,18
390,2013,2,23,"周六",21,7
391,2013,2,24,"周日",21,34
392,2013,2,25,"周一",21,31
393,2013,2,26,"周二",21,21
394,2013,2,27,"周三",21,22
395,2013,2,28,"周四",21,21
396,2013,3,1,"周五",21,19
397,2013,3,2,"周六",21,15
398,2013,3,3,"周日",21,0
399,2013,3,4,"周一",21,29
400,2013,3,5,"周二",21,36
401,2013,3,6,"周三",21,19
402,2013,3,7,"周日",21,40
403,2013,3,8,"周五",21,35
404,2013,3,9,"周六",21,17
405,2013,3,10,"周日",22,0
406,2013,3,11,"周一",21,23
407,2013,3,12,"周二",21,27
408,2013,3,13,"周三",21,29
409,2013,3,14,"周四",21,23
410,2013,3,15,"周五",21,30
411,2013,3,16,"周六",22,13
412,2013,3,17,"周日",21,31
413,2013,3,18,"周一",21,19
414,2013,3,19,"周二",22,49
415,2013,3,20,"周三",21,48
416,2013,3,21,"周四",21,24
417,2013,3,22,"周五",21,18
418,2013,3,23,"周六",21,9
419,2013,3,24,"周日",21,17
420,2013,3,25,"周一",21,17
421,2013,3,26,"周二",21,22
422,2013,3,27,"周三",20,56
423,2013,3,28,"周四",21,39
424,2013,3,29,"周五",21,24
425,2013,3,30,"周六",21,12
426,2013,3,31,"周日",21,19
427,2013,4,1,"周一",21,19
428,2013,4,2,"周二",21,39
429,2013,4,3,"周三",21,25
430,2013,4,4,"周四",21,24
431,2013,4,5,"周五",21,2
432,2013,4,6,"周六",21,7
433,2013,4,7,"周日",21,15
434,2013,4,8,"周一",21,26
435,2013,4,9,"周二",21,28
436,2013,4,10,"周三",21,42
437,2013,4,11,"周四",21,16
438,2013,4,12,"周五",21,36
439,2013,4,13,"周六",21,12
440,2013,4,14,"周日",21,12
441,2013,4,15,"周一",21,18
442,2013,4,16,"周二",21,49
443,2013,4,17,"周三",21,24
444,2013,4,18,"周四",21,20
445,2013,4,19,"周五",21,6
446,2013,4,20,"周六",21,17
447,2013,4,21,"周日",21,20
448,2013,4,22,"周一",22,40
449,2013,4,23,"周二",21,15
450,2013,4,24,"周三",21,15
451,2013,4,25,"周四",21,6
452,2013,4,26,"周五",21,35
453,2013,4,27,"周六",21,18
454,2013,4,28,"周日",21,3
455,2013,4,29,"周一",21,15
456,2013,4,30,"周二",21,1
457,2013,5,1,"周三",22,19
458,2013,5,2,"周四",21,23
459,2013,5,3,"周五",21,42
460,2013,5,4,"周六",21,36
461,2013,5,5,"周日",21,20
462,2013,5,6,"周一",21,20
463,2013,5,7,"周二",21,27
464,2013,5,8,"周三",21,14
465,2013,5,9,"周四",21,9
466,2013,5,10,"周五",21,27
467,2013,5,11,"周六",21,29
468,2013,5,12,"周日",20,59
469,2013,5,13,"周一",21,36
470,2013,5,14,"周二",21,29
471,2013,5,15,"周三",22,59
472,2013,5,16,"周四",22,22
473,2013,5,17,"周五",21,0
474,2013,5,18,"周六",23,38
475,2013,5,19,"周日",22,41
476,2013,5,20,"周一",21,23
477,2013,5,21,"周二",21,7
478,2013,5,22,"周三",21,17
479,2013,5,23,"周四",21,5
480,2013,5,24,"周五",21,32
481,2013,5,25,"周六",21,27
482,2013,5,26,"周日",21,4
483,2013,5,27,"周一",21,29
484,2013,5,28,"周二",21,6
485,2013,5,29,"周三",21,6
486,2013,5,30,"周四",21,4
487,2013,5,31,"周五",21,19
488,2013,6,1,"周六",21,14
489,2013,6,2,"周日",21,10
490,2013,6,3,"周一",21,23
491,2013,6,4,"周二",21,9
492,2013,6,5,"周三",21,9
493,2013,6,6,"周四",21,28
494,2013,6,7,"周五",21,17
495,2013,6,8,"周六",21,23
496,2013,6,9,"周日",21,24
497,2013,6,10,"周一",21,8
498,2013,6,11,"周二",21,17
499,2013,6,12,"周三",21,20
500,2013,6,13,"周四",21,22
501,2013,6,14,"周五",21,31
502,2013,6,15,"周六",21,21
503,2013,6,16,"周日",20,19
504,2013,6,17,"周一",21,14
505,2013,6,18,"周二",21,3
506,2013,6,19,"周三",21,21
507,2013,6,20,"周四",21,15
508,2013,6,21,"周五",21,33
509,2013,6,22,"周六",21,36
510,2013,6,23,"周日",21,16
511,2013,6,24,"周一",21,9
512,2013,6,25,"周二",21,37
513,2013,6,26,"周三",21,30
514,2013,6,27,"周四",21,37
515,2013,6,28,"周五",21,1
516,2013,6,29,"周六",21,19
517,2013,6,30,"周日",21,32
518,2013,7,1,"周一",21,28
519,2013,7,2,"周二",21,2
520,2013,7,3,"周三",21,35
521,2013,7,4,"周四",21,19
522,2013,7,5,"周五",21,3
523,2013,7,6,"周六",21,20
524,2013,7,7,"周日",21,22
525,2013,7,8,"周一",21,43
526,2013,7,9,"周二",21,24
527,2013,7,10,"周三",21,21
528,2013,7,11,"周四",21,19
529,2013,7,12,"周五",21,30
530,2013,7,13,"周六",21,38
531,2013,7,14,"周日",21,39
532,2013,7,15,"周一",21,29
533,2013,7,16,"周二",21,32
534,2013,7,17,"周三",21,12
535,2013,7,18,"周四",21,23
536,2013,7,19,"周五",21,50
537,2013,7,20,"周六",22,17
538,2013,7,21,"周日",21,38
539,2013,7,22,"周一",21,29
540,2013,7,23,"周二",21,19
541,2013,7,24,"周三",21,14
542,2013,7,25,"周四",21,15
543,2013,7,26,"周五",21,37
544,2013,7,27,"周六",21,33
545,2013,7,28,"周日",23,47
546,2013,7,29,"周一",21,57
547,2013,7,30,"周二",21,15
548,2013,7,31,"周三",21,37
549,2013,8,1,"周四",21,20
550,2013,8,2,"周五",23,44
551,2013,8,3,"周六",22,26
552,2013,8,4,"周日",21,54
553,2013,8,5,"周一",21,44
554,2013,8,6,"周二",22,20
555,2013,8,7,"周三",21,50
556,2013,8,8,"周四",23,17
557,2013,8,9,"周五",22,48
558,2013,8,10,"周六",21,59
559,2013,8,11,"周日",21,53
560,2013,8,12,"周一",21,23
561,2013,8,13,"周二",21,35
562,2013,8,14,"周三",23,8
563,2013,8,15,"周四",22,1
564,2013,8,16,"周五",21,45
565,2013,8,17,"周六",21,18
566,2013,8,18,"周日",21,1
567,2013,8,19,"周一",22,30
568,2013,8,20,"周二",22,53
569,2013,8,21,"周三",21,33
570,2013,8,22,"周四",21,23
571,2013,8,23,"周五",22,28
572,2013,8,24,"周六",21,16
573,2013,8,25,"周日",21,18
574,2013,8,26,"周一",22,3
575,2013,8,27,"周二",22,45
576,2013,8,28,"周三",21,39
577,2013,8,29,"周四",22,45
578,2013,8,30,"周五",21,6
579,2013,9,1,"周日",21,29
580,2013,9,2,"周一",19,7
581,2013,9,3,"周二",20,28
582,2013,9,5,"周四",22,16
583,2013,9,6,"周五",21,41
584,2013,9,7,"周六",21,59
585,2013,9,8,"周日",21,15
586,2013,9,9,"周一",21,56
587,2013,9,10,"周二",22,54
588,2013,9,11,"周三",21,44
589,2013,9,12,"周四",22,49
590,2013,9,13,"周五",21,16
591,2013,9,14,"周六",21,16
592,2013,9,15,"周日",21,39
593,2013,9,16,"周一",23,17
594,2013,9,17,"周二",21,10
595,2013,9,18,"周三",22,56
596,2013,9,19,"周四",21,16
597,2013,9,20,"周五",22,52
598,2013,9,21,"周六",22,18
599,2013,9,22,"周日",21,42
600,2013,9,24,"周二",21,18
601,2013,9,25,"周三",21,57
602,2013,9,26,"周四",23,38
603,2013,9,27,"周五",22,30
604,2013,9,28,"周六",22,2
605,2013,9,29,"周一",21,59
606,2013,9,30,"周一",23,16
607,2013,10,1,"周二",23,8
608,2013,10,2,"周三",21,57
609,2013,10,3,"周四",22,56
610,2013,10,4,"周五",21,56
611,2013,10,5,"周六",22,25
612,2013,10,6,"周日",21,48
613,2013,10,7,"周一",23,26
614,2013,10,8,"周三",23,20
615,2013,10,9,"周三",22,56
616,2013,10,10,"周四",22,7
617,2013,10,11,"周五",22,11
618,2013,10,12,"周六",21,54
619,2013,10,13,"周日",22,21
620,2013,10,14,"周一",21,51
621,2013,10,15,"周三",21,58
622,2013,10,16,"周三",22,18
623,2013,10,17,"周四",22,29
624,2013,10,18,"周五",22,23
625,2013,10,19,"周六",22,14
626,2013,10,20,"周日",22,28
627,2013,10,21,"周一",22,10
628,2013,10,22,"周二",23,7
629,2013,10,23,"周三",22,10
630,2013,10,24,"周四",21,56
631,2013,10,25,"周五",22,7
632,2013,10,26,"周六",23,13
633,2013,10,27,"周日",22,23
634,2013,10,28,"周一",22,22
635,2013,10,29,"周二",23,15
636,2013,10,30,"周三",22,6
637,2013,10,31,"周四",22,39
638,2013,11,1,"周五",22,8
639,2013,11,2,"周六",21,53
640,2013,11,3,"周日",21,54
641,2013,11,4,"周一",22,15
642,2013,11,5,"周二",22,4
643,2013,11,6,"周三",22,0
644,2013,11,7,"周四",21,58
645,2013,11,8,"周五",22,52
646,2013,11,9,"周六",21,52
647,2013,11,10,"周日",21,52
648,2013,11,11,"周一",21,50
649,2013,11,12,"周二",23,9
650,2013,11,13,"周三",22,39
651,2013,11,14,"周四",22,7
652,2013,11,15,"周五",23,55
653,2013,11,16,"周六",23,47
654,2013,11,17,"周日",23,5
655,2013,11,18,"周一",22,11
656,2013,11,19,"周二",21,34
657,2013,11,20,"周三",21,27
658,2013,11,21,"周四",21,28
659,2013,11,22,"周五",22,15
660,2013,11,23,"周六",21,56
661,2013,11,24,"周日",21,40
662,2013,11,25,"周一",22,30
663,2013,11,26,"周二",23,38
664,2013,11,27,"周三",21,21
665,2013,11,28,"周四",22,21
666,2013,11,29,"周五",22,9
667,2013,11,30,"周六",21,52
668,2013,12,1,"周日",21,38
669,2013,12,2,"周一",21,35
670,2013,12,3,"周二",22,47
671,2013,12,4,"周三",21,23
672,2013,12,5,"周四",21,23
673,2013,12,6,"周五",22,34
674,2013,12,7,"周六",21,49
675,2013,12,8,"周日",21,38
676,2013,12,9,"周一",21,17
677,2013,12,10,"周二",21,59
678,2013,12,11,"周三",21,29
679,2013,12,12,"周四",21,56
680,2013,12,13,"周五",22,16
681,2013,12,14,"周六",21,41
682,2013,12,15,"周日",20,56
683,2013,12,16,"周一",22,4
684,2013,12,17,"周二",21,45
685,2013,12,18,"周三",21,47
686,2013,12,19,"周四",21,50
687,2013,12,20,"周五",22,15
688,2013,12,21,"周六",21,49
689,2013,12,22,"周日",23,11
690,2013,12,23,"周一",21,50
691,2013,12,24,"周二",22,21
692,2013,12,25,"周三",23,21
693,2013,12,26,"周四",22,33
694,2013,12,27,"周五",22,1
695,2013,12,28,"周六",21,43
696,2013,12,29,"周日",21,19
697,2013,12,30,"周一",21,31
698,2013,12,31,"周二",21,22
699,2014,1,1,"周三",21,35
700,2014,1,2,"周四",22,39
701,2014,1,3,"周五",22,20
702,2014,1,4,"周六",21,51
703,2014,1,5,"周日",22,25
704,2014,1,6,"周一",22,16
705,2014,1,7,"周二",22,5
706,2014,1,8,"周三",22,20
707,2014,1,9,"周四",22,38
708,2014,1,10,"周五",21,48
709,2014,1,11,"周六",22,6
710,2014,1,12,"周日",21,38
711,2014,1,13,"周一",21,10
712,2014,1,14,"周二",21,43
713,2014,1,15,"周三",21,54
714,2014,1,16,"周四",22,4
715,2014,1,17,"周五",21,9
716,2014,1,18,"周六",21,48
717,2014,1,19,"周日",21,44
718,2014,1,20,"周一",21,56
719,2014,1,21,"周二",22,22
720,2014,1,22,"周三",22,36
721,2014,1,23,"周四",21,47
722,2014,1,24,"周五",21,56
723,2014,1,25,"周六",21,48
724,2014,1,26,"周日",21,45
725,2014,1,27,"周一",22,10
726,2014,1,28,"周二",21,40
727,2014,1,29,"周三",21,51
728,2014,1,30,"周四",22,1
729,2014,1,31,"周五",22,6
730,2014,2,1,"周六",21,54
731,2014,2,2,"周日",21,47
732,2014,2,3,"周一",21,51
733,2014,2,4,"周二",22,8
734,2014,2,5,"周三",22,4
735,2014,2,6,"周四",21,39
736,2014,2,7,"周五",22,10
737,2014,2,8,"周六",21,37
738,2014,2,9,"周日",21,34
739,2014,2,10,"周一",21,57
740,2014,2,11,"周二",22,14
741,2014,2,12,"周三",22,11
742,2014,2,13,"周四",21,40
743,2014,2,14,"周五",22,2
744,2014,2,15,"周六",21,38
745,2014,2,16,"周日",22,0
746,2014,2,17,"周一",21,50
747,2014,2,18,"周二",22,1
748,2014,2,19,"周三",21,39
749,2014,2,20,"周四",21,55
750,2014,2,21,"周五",22,3
751,2014,2,22,"周六",21,56
752,2014,2,23,"周日",22,25
753,2014,2,24,"周一",21,51
754,2014,2,25,"周二",22,2
755,2014,2,26,"周三",22,8
756,2014,2,27,"周四",21,39
757,2014,2,28,"周五",21,55
758,2014,3,1,"周六",21,54
759,2014,3,2,"周日",22,9
760,2014,3,3,"周一",21,39
761,2014,3,4,"周二",21,54
762,2014,3,5,"周三",21,46
763,2014,3,6,"周四",21,44
764,2014,3,7,"周五",22,19
765,2014,3,8,"周六",21,47
766,2014,3,9,"周日",21,45
767,2014,3,10,"周一",22,2
768,2014,3,11,"周二",22,2
769,2014,3,12,"周三",22,1
770,2014,3,13,"周四",22,5
771,2014,3,14,"周五",22,41
772,2014,3,15,"周六",22,21
773,2014,3,17,"周一",21,8
774,2014,3,18,"周二",21,55
775,2014,3,19,"周三",22,0
776,2014,3,20,"周四",22,18
777,2014,3,21,"周二",22,15
778,2014,3,22,"周六",22,21
779,2014,3,23,"周日",21,50
780,2014,3,24,"周一",21,42
781,2014,3,25,"周二",21,37
782,2014,3,26,"周三",21,46
783,2014,3,27,"周四",22,10
784,2014,3,28,"周五",22,4
785,2014,3,29,"周六",22,14
786,2014,3,30,"周日",22,14
787,2014,3,31,"周一",20,41
788,2014,4,1,"周二",22,6
789,2014,4,2,"周三",21,43
790,2014,4,3,"周四",22,28
791,2014,4,4,"周五",21,59
792,2014,4,5,"周六",22,24
793,2014,4,6,"周日",22,28
794,2014,4,7,"周一",21,59
795,2014,4,8,"周二",21,40
796,2014,4,9,"周三",21,51
797,2014,4,10,"周四",21,38
798,2014,4,11,"周五",21,47
799,2014,4,12,"周六",22,0
800,2014,4,13,"周日",21,50
801,2014,4,14,"周一",22,0
802,2014,4,15,"周二",22,10
803,2014,4,16,"周三",21,38
804,2014,4,17,"周四",22,1
805,2014,4,18,"周五",21,41
806,2014,4,19,"周六",21,45
807,2014,4,20,"周日",21,46
808,2014,4,21,"周一",21,47
809,2014,4,22,"周二",21,48
810,2014,4,23,"周三",21,55
811,2014,4,24,"周四",21,49
812,2014,4,25,"周五",21,57
813,2014,4,26,"周六",21,59
814,2014,4,27,"周日",22,30
815,2014,4,28,"周一",21,42
816,2014,4,29,"周二",22,12
817,2014,4,30,"周三",21,59
818,2014,5,1,"周四",21,54
819,2014,5,2,"周五",21,50
820,2014,5,3,"周六",23,26
821,2014,5,4,"周日",22,44
822,2014,5,5,"周一",21,35
823,2014,5,6,"周二",21,42
824,2014,5,7,"周三",22,50
825,2014,5,8,"周四",21,43
826,2014,5,9,"周五",21,45
827,2014,5,10,"周六",22,23
828,2014,5,11,"周日",21,39
829,2014,5,12,"周一",21,59
830,2014,5,13,"周二",22,0
831,2014,5,14,"周三",21,44
832,2014,5,15,"周四",22,45
833,2014,5,16,"周五",21,56
834,2014,5,17,"周六",22,6
835,2014,5,18,"周日",21,38
836,2014,5,19,"周一",22,45
837,2014,5,20,"周二",22,26
838,2014,5,21,"周三",21,49
839,2014,5,22,"周四",21,50
840,2014,5,23,"周五",22,12
841,2014,5,24,"周六",22,19
842,2014,5,25,"周日",22,40
843,2014,5,26,"周一",22,11
844,2014,5,27,"周二",22,35
845,2014,5,28,"周三",22,5
846,2014,5,29,"周四",22,18
847,2014,5,30,"周五",21,59
848,2014,5,31,"周六",21,55
849,2014,6,1,"周日",22,49
850,2014,6,2,"周一",22,1
851,2014,6,3,"周二",22,1
852,2014,6,4,"周三",22,7
853,2014,6,5,"周四",21,41
854,2014,6,6,"周五",21,56
855,2014,6,7,"周六",22,17
856,2014,6,8,"周日",22,42
857,2014,6,9,"周日",21,58
858,2014,6,10,"周二",21,46
859,2014,6,11,"周三",22,49
860,2014,6,12,"周四",21,44
861,2014,6,13,"周五",22,21
862,2014,6,14,"周六",22,14
863,2014,6,15,"周日",22,23
864,2014,6,16,"周一",22,4
865,2014,6,17,"周二",22,11
866,2014,6,18,"周三",22,9
867,2014,6,19,"周四",22,49
868,2014,6,20,"周五",23,7
869,2014,6,21,"周六",21,39
870,2014,6,22,"周日",21,57
871,2014,6,23,"周一",22,5
872,2014,6,24,"周二",22,59
873,2014,6,25,"周三",22,3
874,2014,6,26,"周四",22,16
875,2014,6,27,"周五",22,18
876,2014,6,28,"周六",22,25
877,2014,6,29,"周日",22,26
878,2014,6,30,"周一",22,18
879,2014,7,1,"周二",22,27
880,2014,7,2,"周三",22,33
881,2014,7,3,"周四",21,57
882,2014,7,4,"周五",22,58
883,2014,7,5,"周六",22,14
884,2014,7,6,"周日",22,22
885,2014,7,7,"周一",22,34
886,2014,7,8,"周二",22,35
887,2014,7,9,"周三",22,26
888,2014,7,10,"周四",22,48
889,2014,7,11,"周五",22,3
890,2014,7,12,"周六",22,13
891,2014,7,13,"周日",22,11
892,2014,7,14,"周一",22,29
893,2014,7,15,"周二",21,41
894,2014,7,16,"周三",22,16
895,2014,7,17,"周四",22,29
896,2014,7,18,"周五",22,47
897,2014,7,19,"周六",22,49
898,2014,7,20,"周日",22,35
899,2014,7,21,"周一",22,36
900,2014,7,22,"周二",22,40
901,2014,7,23,"周三",22,32
902,2014,7,24,"周四",22,46
903,2014,7,25,"周五",22,8
904,2014,7,26,"周六",22,55
905,2014,7,27,"周日",22,24
906,2014,7,28,"周一",22,32
907,2014,7,29,"周二",22,40
908,2014,7,30,"周三",22,26
909,2014,7,31,"周四",22,32
910,2014,8,1,"周五",22,51
911,2014,8,2,"周六",23,3
912,2014,8,3,"周日",22,36
913,2014,8,4,"周一",22,47
914,2014,8,5,"周二",22,53
915,2014,8,6,"周三",22,37
916,2014,8,7,"周四",22,54
917,2014,8,8,"周五",22,32
918,2014,8,9,"周六",22,42
919,2014,8,10,"周日",22,22
920,2014,8,11,"周一",22,37
921,2014,8,12,"周二",23,20
922,2014,8,13,"周三",22,44
923,2014,8,14,"周四",22,36
924,2014,8,15,"周五",22,41
925,2014,8,16,"周六",22,51
926,2014,8,17,"周日",22,29
927,2014,8,18,"周一",22,21
928,2014,8,19,"周二",22,43
929,2014,8,20,"周三",22,44
930,2014,8,21,"周四",22,38
931,2014,8,22,"周五",22,25
932,2014,8,23,"周六",22,32
933,2014,8,24,"周日",22,33
934,2014,8,25,"周一",22,24
935,2014,8,26,"周二",23,1
936,2014,8,27,"周三",22,45
937,2014,8,28,"周四",22,34
938,2014,8,29,"周五",22,56
939,2014,8,30,"周六",22,52
940,2014,8,31,"周日",22,26
941,2014,9,1,"周一",22,45
942,2014,9,2,"周二",22,49
943,2014,9,3,"周三",22,25
944,2014,9,4,"周四",23,17
945,2014,9,5,"周五",22,57
946,2014,9,6,"周六",22,51
947,2014,9,7,"周日",22,35
948,2014,9,8,"周一",22,53
949,2014,9,9,"周二",22,34
950,2014,9,10,"周三",22,36
951,2014,9,11,"周四",23,10
952,2014,9,12,"周五",22,57
953,2014,9,13,"周六",23,1
954,2014,9,14,"周日",22,35
955,2014,9,15,"周一",22,39
956,2014,9,16,"周二",22,58
957,2014,9,17,"周三",22,23
958,2014,9,18,"周四",23,9
959,2014,9,19,"周五",22,53
960,2014,9,20,"周六",23,12
961,2014,9,21,"周日",22,58
962,2014,9,22,"周一",23,19
963,2014,9,23,"周二",22,50
964,2014,9,24,"周三",23,11
965,2014,9,25,"周四",23,15
966,2014,9,26,"周五",23,8
967,2014,9,27,"周六",22,56
968,2014,9,28,"周日",22,28
969,2014,9,29,"周一",23,6
970,2014,9,30,"周二",22,12
971,2014,10,1,"周三",22,29
972,2014,10,2,"周四",22,50
973,2014,10,3,"周五",22,48
974,2014,10,4,"周六",22,45
975,2014,10,5,"周日",22,42
976,2014,10,6,"周一",23,6
977,2014,10,7,"周二",23,1
978,2014,10,8,"周三",23,16
979,2014,10,9,"周四",23,3
980,2014,10,10,"周五",23,12
981,2014,10,11,"周六",22,41
982,2014,10,12,"周日",22,55
983,2014,10,13,"周一",22,52
984,2014,10,14,"周二",23,3
985,2014,10,15,"周三",22,25
986,2014,10,16,"周四",22,33
987,2014,10,17,"周五",22,24
988,2014,10,18,"周六",22,35
989,2014,10,19,"周日",22,48
990,2014,10,20,"周一",22,41
991,2014,10,21,"周二",22,53
992,2014,10,22,"周三",23,9
993,2014,10,23,"周四",22,19
994,2014,10,24,"周五",22,40
995,2014,10,25,"周六",22,20
996,2014,10,26,"周日",22,55
997,2014,10,27,"周一",22,15
998,2014,10,28,"周二",22,41
999,2014,10,29,"周三",23,7
1000,2014,10,30,"周四",23,12
1001,2014,10,31,"周五",22,44
1002,2014,11,1,"周六",22,45
1003,2014,11,2,"周日",22,45
1004,2014,11,3,"周一",23,1
1005,2014,11,5,"周三",22,39
1006,2014,11,6,"周四",23,14
1007,2014,11,7,"周五",23,9
1008,2014,11,8,"周六",23,2
1009,2014,11,9,"周日",23,4
1010,2014,11,10,"周一",22,59
1011,2014,11,11,"周二",22,39
1012,2014,11,12,"周三",22,38
1013,2014,11,13,"周四",22,37
1014,2014,11,14,"周五",22,54
1015,2014,11,15,"周六",22,55
1016,2014,11,16,"周日",22,54
1017,2014,11,17,"周一",23,12
1018,2014,11,18,"周二",22,40
1019,2014,11,19,"周三",23,17
1020,2014,11,20,"周四",22,38
1021,2014,11,21,"周五",23,8
1022,2014,11,22,"周六",23,8
1023,2014,11,23,"周日",23,26
1024,2014,11,24,"周一",23,44
1025,2014,11,25,"周二",23,32
1026,2014,11,26,"周三",22,57
1027,2014,11,27,"周四",23,6
1028,2014,11,28,"周五",23,19
1029,2014,11,29,"周六",22,15
1030,2014,11,30,"周日",22,30
1031,2014,12,1,"周一",22,56
1032,2014,12,2,"周二",23,17
1033,2014,12,3,"周三",22,43
1034,2014,12,4,"周四",23,6
1035,2014,12,5,"周五",23,11
1036,2014,12,6,"周六",22,39
1037,2014,12,7,"周日",23,45
1038,2014,12,8,"周一",23,37
1039,2014,12,9,"周二",23,50
1040,2014,12,10,"周三",22,31
1041,2014,12,11,"周四",22,58
1042,2014,12,12,"周五",22,56
1043,2014,12,13,"周六",22,38
1044,2014,12,14,"周日",22,7
1045,2014,12,15,"周一",22,20
1046,2014,12,16,"周二",22,14
1047,2014,12,17,"周三",23,13
1048,2014,12,18,"周四",22,53
1049,2014,12,19,"周五",22,54
1050,2014,12,20,"周六",22,19
1051,2014,12,21,"周日",22,56
1052,2014,12,22,"周一",22,37
1053,2014,12,23,"周二",22,48
1054,2014,12,24,"周三",22,25
1055,2014,12,25,"周四",22,31
1056,2014,12,26,"周五",22,19
1057,2014,12,27,"周六",22,7
1058,2014,12,28,"周日",22,49
1059,2014,12,29,"周一",22,39
1060,2014,12,30,"周二",22,41
1061,2014,12,31,"周三",22,31
1062,2015,1,1,"周四",22,27
1063,2015,1,2,"周五",22,51
1064,2015,1,3,"周六",22,58
1065,2015,1,4,"周日",22,59
1066,2015,1,5,"周一",22,47
1067,2015,1,6,"周二",23,1
1068,2015,1,7,"周三",23,11
1069,2015,1,8,"周四",23,4
1070,2015,1,9,"周五",23,18
1071,2015,1,10,"周六",23,11
1072,2015,1,11,"周日",23,27
1073,2015,1,12,"周一",23,1
1074,2015,1,13,"周二",23,6
1075,2015,1,14,"周三",23,17
1076,2015,1,15,"周四",22,50
1077,2015,1,16,"周五",23,1
1078,2015,1,17,"周六",23,24
1079,2015,1,18,"周日",23,7
1080,2015,1,19,"周一",23,44
1081,2015,1,20,"周二",23,14
1082,2015,1,21,"周三",22,54
1083,2015,1,22,"周四",23,10
1084,2015,1,23,"周五",23,9
1085,2015,1,24,"周六",23,36
1086,2015,1,25,"周日",23,19
1087,2015,1,26,"周一",22,51
1088,2015,1,27,"周二",22,59
1089,2015,1,28,"周三",22,56
1090,2015,1,29,"周四",23,8
1091,2015,1,30,"周五",23,11
1092,2015,1,31,"周六",22,53
1093,2015,2,1,"周日",23,17
1094,2015,2,2,"周一",22,57
1095,2015,2,3,"周二",23,3
1096,2015,2,4,"周三",22,48
1097,2015,2,5,"周四",23,4
1098,2015,2,6,"周五",23,2
1099,2015,2,7,"周六",23,33
1100,2015,2,8,"周日",23,18
1101,2015,2,9,"周一",23,9
1102,2015,2,10,"周二",22,25
1103,2015,2,11,"周三",22,46
1104,2015,2,12,"周四",23,0
1105,2015,2,13,"周五",22,44
1106,2015,2,14,"周六",23,4
1107,2015,2,15,"周日",22,9
1108,2015,2,16,"周一",22,58
1109,2015,2,17,"周二",23,2
1110,2015,2,18,"周三",23,55
1111,2015,2,19,"周四",23,17
1112,2015,2,20,"周五",22,7
1113,2015,2,21,"周六",23,0
1114,2015,2,22,"周日",22,55
1115,2015,2,23,"周一",22,35
1116,2015,2,24,"周二",23,0
1117,2015,2,25,"周三",22,58
1118,2015,2,26,"周四",22,18
1119,2015,2,27,"周五",23,4
1120,2015,2,28,"周六",21,59
1121,2015,3,1,"周日",23,1
1122,2015,3,2,"周一",23,6
1123,2015,3,3,"周二",23,38
1124,2015,3,4,"周三",22,19
1125,2015,3,5,"周四",22,31
1126,2015,3,6,"周五",21,57
1127,2015,3,7,"周六",22,27
1128,2015,3,8,"周日",22,33
1129,2015,3,9,"周一",23,3
1130,2015,3,10,"周二",22,50
1131,2015,3,11,"周三",22,43
1132,2015,3,12,"周四",22,55
1133,2015,3,13,"周五",22,40
1134,2015,3,14,"周六",22,41
1135,2015,3,15,"周日",23,26
1136,2015,3,16,"周一",22,18
1137,2015,3,17,"周二",22,47
1138,2015,3,18,"周三",23,8
1139,2015,3,19,"周四",23,10
1140,2015,3,20,"周五",23,12
1141,2015,3,21,"周六",22,47
1142,2015,3,22,"周日",23,1
1143,2015,3,23,"周一",23,0
1144,2015,3,24,"周二",22,58
1145,2015,3,25,"周三",22,54
1146,2015,3,26,"周四",22,41
1147,2015,3,27,"周五",22,51
1148,2015,3,28,"周六",22,54
1149,2015,3,29,"周日",23,11
1150,2015,3,30,"周一",23,19
1151,2015,3,31,"周二",23,8
1152,2015,4,1,"周三",23,12
1153,2015,4,2,"周四",23,16
1154,2015,4,3,"周五",22,59
1155,2015,4,4,"周六",23,18
1156,2015,4,5,"周日",23,4
1157,2015,4,6,"周一",23,27
1158,2015,4,7,"周二",22,52
1159,2015,4,8,"周三",23,12
1160,2015,4,9,"周四",22,43
1161,2015,4,10,"周五",22,50
1162,2015,4,11,"周六",22,55
1163,2015,4,12,"周日",22,42
1164,2015,4,13,"周一",22,50
1165,2015,4,14,"周二",22,46
1166,2015,4,15,"周三",22,34
1167,2015,4,16,"周四",22,46
1168,2015,4,17,"周五",22,42
1169,2015,4,18,"周六",22,45
1170,2015,4,19,"周日",22,53
1171,2015,4,20,"周一",23,9
1172,2015,4,21,"周二",22,58
1173,2015,4,22,"周三",22,23
1174,2015,4,23,"周四",23,1
1175,2015,4,24,"周五",23,19
1176,2015,4,25,"周六",23,1
1177,2015,4,26,"周日",23,20
1178,2015,4,27,"周一",22,55
1179,2015,4,28,"周二",23,7
1180,2015,4,29,"周三",23,23
1181,2015,4,30,"周四",23,37
1182,2015,5,1,"周五",23,45
1183,2015,5,2,"周六",23,32
1184,2015,5,3,"周日",23,27
1185,2015,5,4,"周一",23,45
1186,2015,5,5,"周二",23,51
1187,2015,5,6,"周三",0,15
1188,2015,5,7,"周四",23,33
1189,2015,5,8,"周五",23,31
1190,2015,5,9,"周六",22,49
1191,2015,5,10,"周日",23,8
1192,2015,5,11,"周一",23,34
1193,2015,5,12,"周二",23,34
1194,2015,5,13,"周三",23,19
1195,2015,5,14,"周四",23,38
1196,2015,5,15,"周五",23,52
1197,2015,5,16,"周六",23,28
1198,2015,5,17,"周日",23,51
1199,2015,5,18,"周一",23,55
1200,2015,5,19,"周二",23,38
1201,2015,5,20,"周三",23,48
1202,2015,5,21,"周四",23,49
1203,2015,5,22,"周五",23,48
1204,2015,5,23,"周六",23,49
1205,2015,5,24,"周日",23,38
1206,2015,5,25,"周一",23,26
1207,2015,5,26,"周二",23,48
1208,2015,5,27,"周三",22,25
1209,2015,5,28,"周四",23,41
1210,2015,5,29,"周五",22,49
1211,2015,5,30,"周六",23,32
1212,2015,5,31,"周日",23,34
1213,2015,6,1,"周一",23,19
1214,2015,6,2,"周二",23,17
1215,2015,6,4,"周四",23,23
1216,2015,6,5,"周五",23,25
1217,2015,6,6,"周五",23,5
1218,2015,6,7,"周日",23,19
1219,2015,6,8,"周一",23,36
1220,2015,6,9,"周二",23,38
1221,2015,6,10,"周三",23,19
1222,2015,6,11,"周四",23,30
1223,2015,6,12,"周五",23,35
1224,2015,6,13,"周六",23,33
1225,2015,6,14,"周日",22,31
1226,2015,6,15,"周一",23,46
1227,2015,6,16,"周二",23,22
1228,2015,6,17,"周三",23,37
1229,2015,6,18,"周四",23,27
1230,2015,6,19,"周五",23,25
1231,2015,6,20,"周六",22,43
1232,2015,6,21,"周日",23,17
1233,2015,6,22,"周一",23,13
1234,2015,6,23,"周二",23,15
1235,2015,6,24,"周三",22,50
1236,2015,6,25,"周四",23,11
1237,2015,6,26,"周五",22,54
1238,2015,6,27,"周六",23,28
1239,2015,6,28,"周日",22,0
1240,2015,6,29,"周一",23,38
1241,2015,6,30,"周二",22,48
1242,2015,7,1,"周三",23,2
1243,2015,7,2,"周四",23,26
1244,2015,7,3,"周五",23,45
1245,2015,7,4,"周六",23,41
1246,2015,7,5,"周日",23,9
1247,2015,7,6,"周一",22,29
1248,2015,7,7,"周二",23,23
1249,2015,7,8,"周三",23,12
1250,2015,7,9,"周四",23,19
1251,2015,7,10,"周五",23,58
1252,2015,7,11,"周六",23,26
1253,2015,7,12,"周日",23,25
1254,2015,7,13,"周一",22,58
1255,2015,7,14,"周二",23,17
1256,2015,7,15,"周三",22,50
1257,2015,7,16,"周四",23,31
1258,2015,7,17,"周五",23,4
1259,2015,7,18,"周六",23,39
1260,2015,7,19,"周日",23,57
1261,2015,7,20,"周一",23,53
1262,2015,7,21,"周二",23,39
1263,2015,7,22,"周三",23,29
1264,2015,7,23,"周四",23,38
1265,2015,7,24,"周五",23,39
1266,2015,7,25,"周六",23,45
1267,2015,7,26,"周日",23,42
1268,2015,7,27,"周一",23,34
1269,2015,7,28,"周二",23,28
1270,2015,7,29,"周三",22,52
1271,2015,7,30,"周四",23,44
1272,2015,7,31,"周五",23,14
1273,2015,8,1,"周六",23,28
1274,2015,8,2,"周日",23,17
1275,2015,8,3,"周一",23,55
1276,2015,8,4,"周二",23,50
1277,2015,8,5,"周三",23,22
1278,2015,8,6,"周四",23,52
1279,2015,8,7,"周五",23,24
1280,2015,8,8,"周六",23,19
1281,2015,8,9,"周日",23,38
1282,2015,8,10,"周一",23,41
1283,2015,8,11,"周二",23,35
1284,2015,8,12,"周三",23,37
1285,2015,8,13,"周四",23,14
1286,2015,8,14,"周五",23,35
1287,2015,8,15,"周六",23,48
1288,2015,8,16,"周日",23,46
1289,2015,8,17,"周一",23,33
1290,2015,8,18,"周二",23,18
1291,2015,8,19,"周三",23,30
1292,2015,8,20,"周四",23,46
1293,2015,8,21,"周五",23,50
1294,2015,8,22,"周六",23,10
1295,2015,8,23,"周日",23,9
1296,2015,8,24,"周一",23,17
1297,2015,8,25,"周二",23,10
1298,2015,8,26,"周三",23,20
1299,2015,8,27,"周四",23,8
1300,2015,8,28,"周五",23,23
1301,2015,8,29,"周六",22,51
1302,2015,8,30,"周日",22,33
1303,2015,8,31,"周一",19,29
1304,2015,9,1,"周二",22,27
1305,2015,9,2,"周三",23,17
1306,2015,9,3,"周四",23,2
1307,2015,9,4,"周五",23,16
1308,2015,9,5,"周六",23,11
1309,2015,9,6,"周日",22,57
1310,2015,9,7,"周一",23,7
1311,2015,9,8,"周二",19,24
1312,2015,9,9,"周三",22,37
1313,2015,9,10,"周四",22,58
1314,2015,9,11,"周五",22,35
1315,2015,9,12,"周六",23,2
1316,2015,9,13,"周日",22,55
1317,2015,9,14,"周一",22,26
1318,2015,9,15,"周二",22,40
1319,2015,9,16,"周三",22,12
1320,2015,9,17,"周四",22,31
1321,2015,9,18,"周五",22,27
1322,2015,9,19,"周六",22,36
1323,2015,9,20,"周日",22,15
1324,2015,9,21,"周一",22,27
1325,2015,9,22,"周二",22,39
1326,2015,9,23,"周三",22,13
1327,2015,9,24,"周四",22,15
1328,2015,9,25,"周五",22,8
1329,2015,9,26,"周六",23,16
1330,2015,9,27,"周日",22,7
1331,2015,9,28,"周一",22,13
1332,2015,9,29,"周二",22,17
1333,2015,9,30,"周三",22,24
1334,2015,10,1,"周四",23,4
1335,2015,10,2,"周五",22,9
1336,2015,10,3,"周六",22,25
1337,2015,10,4,"周日",22,42
1338,2015,10,5,"周一",22,43
1339,2015,10,6,"周二",22,24
1340,2015,10,7,"周三",21,39
1341,2015,10,8,"周四",21,39
1342,2015,10,9,"周五",23,7
1343,2015,10,10,"周六",22,59
1344,2015,10,11,"周日",23,3
1345,2015,10,12,"周一",23,44
1346,2015,10,13,"周二",23,29
1347,2015,10,14,"周三",22,50
1348,2015,10,15,"周四",23,6
1349,2015,10,16,"周五",22,44
1350,2015,10,17,"周六",22,44
1351,2015,10,18,"周日",23,21
1352,2015,10,19,"周一",23,17
1353,2015,10,20,"周二",22,35
1354,2015,10,22,"周四",22,57
1355,2015,10,23,"周五",22,57
1356,2015,10,24,"周六",23,5
1357,2015,10,25,"周日",23,8
1358,2015,10,27,"周二",23,24
1359,2015,10,28,"周三",23,17
1360,2015,10,29,"周四",23,14
1361,2015,10,30,"周五",23,13
1362,2015,10,31,"周六",22,57
1363,2015,11,1,"周日",23,15
1364,2015,11,2,"周一",22,55
1365,2015,11,3,"周二",22,56
1366,2015,11,4,"周三",23,8
1367,2015,11,5,"周四",22,50
1368,2015,11,6,"周五",22,31
1369,2015,11,7,"周六",23,24
1370,2015,11,8,"周日",22,56
1371,2015,11,9,"周一",23,43
1372,2015,11,10,"周二",23,10
1373,2015,11,11,"周三",23,45
1374,2015,11,12,"周四",23,7
1375,2015,11,13,"周五",23,56
1376,2015,11,14,"周六",23,42
1377,2015,11,15,"周日",23,38
1378,2015,11,16,"周一",23,2
1379,2015,11,17,"周二",23,2
1380,2015,11,18,"周三",23,36
1381,2015,11,19,"周四",23,36
1382,2015,11,20,"周五",22,52
1383,2015,11,21,"周六",23,44
1384,2015,11,22,"周日",23,36
1385,2015,11,23,"周一",23,47
1386,2015,11,24,"周二",23,3
1387,2015,11,25,"周三",23,33
1388,2015,11,26,"周四",23,8
1389,2015,11,27,"周五",23,23
1390,2015,11,28,"周六",23,22
1391,2015,11,29,"周日",23,44
1392,2015,11,30,"周一",23,33
1393,2015,12,1,"周二",21,54
1394,2015,12,2,"周三",22,55
1395,2015,12,3,"周四",22,38
1396,2015,12,4,"周五",22,46
1397,2015,12,5,"周六",23,38
1398,2015,12,6,"周日",23,34
1399,2015,12,7,"周一",23,22
1400,2015,12,8,"周二",22,22
1401,2015,12,9,"周三",23,5
1402,2015,12,10,"周四",23,34
1403,2015,12,11,"周五",23,15
1404,2015,12,12,"周六",23,38
1405,2015,12,13,"周日",22,59
1406,2015,12,14,"周一",22,49
1407,2015,12,15,"周二",23,35
1408,2015,12,16,"周三",23,38
1409,2015,12,17,"周四",23,34
1410,2015,12,18,"周五",23,30
1411,2015,12,19,"周六",23,15
1412,2015,12,20,"周日",23,42
1413,2015,12,21,"周一",22,58
1414,2015,12,22,"周二",23,49
1415,2015,12,23,"周三",22,19
1416,2015,12,24,"周四",23,33
1417,2015,12,25,"周五",22,22
1418,2015,12,26,"周六",23,25
1419,2015,12,27,"周日",23,35
1420,2015,12,28,"周一",23,45
1421,2015,12,29,"周二",21,56
1422,2015,12,31,"周四",22,55
1423,2016,1,1,"周五",23,10
1424,2016,1,2,"周六",23,34
1425,2016,1,3,"周日",23,52
1426,2016,1,4,"周一",23,40
1427,2016,1,5,"周二",23,45
1428,2016,1,6,"周三",22,36
1429,2016,1,7,"周四",22,59
1430,2016,1,8,"周五",23,21
1431,2016,1,9,"周六",23,37
1432,2016,1,10,"周日",23,47
1433,2016,1,11,"周一",22,11
1434,2016,1,12,"周二",22,34
1435,2016,1,13,"周三",22,55
1436,2016,1,14,"周四",23,26
1437,2016,1,15,"周五",23,49
1438,2016,1,16,"周六",23,28
1439,2016,1,17,"周日",23,6
1440,2016,1,18,"周一",23,37
1441,2016,1,19,"周二",23,11
1442,2016,1,20,"周三",23,2
1443,2016,1,21,"周四",22,40
1444,2016,1,22,"周五",23,12
1445,2016,1,23,"周六",23,25
1446,2016,1,24,"周日",23,16
1447,2016,1,25,"周一",22,56
1448,2016,1,26,"周二",23,0
1449,2016,1,27,"周三",23,34
1450,2016,1,28,"周四",23,27
1451,2016,1,29,"周五",23,20
1452,2016,1,30,"周六",23,30
1453,2016,1,31,"周日",23,40
1454,2016,2,1,"周一",23,18
1455,2016,2,2,"周二",23,33
1456,2016,2,3,"周三",23,21
1457,2016,2,4,"周四",23,38
1458,2016,2,5,"周五",23,20
1459,2016,2,6,"周六",23,14
1460,2016,2,7,"周日",23,46
1461,2016,2,8,"周一",23,36
1462,2016,2,9,"周二",22,40
1463,2016,2,10,"周三",22,48
1464,2016,2,11,"周四",21,48
1465,2016,2,12,"周五",23,19
1466,2016,2,13,"周六",23,32
1467,2016,2,14,"周日",23,14
1468,2016,2,15,"周一",23,30
1469,2016,2,16,"周二",23,5
1470,2016,2,17,"周三",23,41
1471,2016,2,18,"周四",23,2
1472,2016,2,19,"周五",23,35
1473,2016,2,20,"周六",23,44
1474,2016,2,21,"周日",23,30
1475,2016,2,22,"周一",23,24
1476,2016,2,23,"周二",23,44
1477,2016,2,24,"周三",23,38
1478,2016,2,25,"周四",23,3
1479,2016,2,26,"周五",23,18
1480,2016,2,27,"周六",20,39
1481,2016,2,28,"周日",23,23
1482,2016,2,29,"周一",22,36
1483,2016,3,1,"周二",23,44
1484,2016,3,2,"周三",25,59
1485,2016,3,3,"周四",22,55
1486,2016,3,4,"周五",23,27
1487,2016,3,5,"周六",23,6
1488,2016,3,6,"周日",21,58
1489,2016,3,7,"周一",22,57
1490,2016,3,8,"周二",23,8
1491,2016,3,9,"周三",23,3
1492,2016,3,10,"周四",23,23
1493,2016,3,11,"周五",23,32
1494,2016,3,12,"周六",23,50
1495,2016,3,13,"周日",22,41
1496,2016,3,14,"周一",22,31
1497,2016,3,15,"周二",22,34
1498,2016,3,16,"周三",22,56
1499,2016,3,17,"周四",23,14
1500,2016,3,18,"周五",23,9
1501,2016,3,19,"周六",22,21
1502,2016,3,20,"周日",22,40
1503,2016,3,21,"周一",22,48
1504,2016,3,22,"周二",22,57
1505,2016,3,23,"周三",22,48
1506,2016,3,24,"周四",23,39
1507,2016,3,25,"周五",22,34
1508,2016,3,26,"周六",23,8
1509,2016,3,27,"周日",23,22
1510,2016,3,28,"周一",23,7
1511,2016,3,29,"周二",23,8
1512,2016,3,30,"周三",23,2
1513,2016,3,31,"周四",23,36
1514,2016,4,1,"周五",23,27
1515,2016,4,2,"周六",23,23
1516,2016,4,3,"周日",23,17
1517,2016,4,4,"周一",22,51
1518,2016,4,5,"周二",22,1
1519,2016,4,6,"周三",22,57
1520,2016,4,7,"周四",22,43
1521,2016,4,8,"周五",23,27
1522,2016,4,9,"周六",23,31
1523,2016,4,10,"周日",22,20
1524,2016,4,11,"周一",22,37
1525,2016,4,12,"周二",23,28
1526,2016,4,13,"周三",22,47
1527,2016,4,14,"周四",22,54
1528,2016,4,15,"周五",22,52
1529,2016,4,16,"周六",22,57
1530,2016,4,17,"周日",23,5
1531,2016,4,18,"周一",22,30
1532,2016,4,19,"周二",23,17
1533,2016,4,20,"周三",23,19
1534,2016,4,21,"周四",23,3
1535,2016,4,22,"周五",22,51
1536,2016,4,23,"周六",23,8
1537,2016,4,24,"周日",23,6
1538,2016,4,25,"周一",23,41
1539,2016,4,26,"周二",23,39
1540,2016,4,27,"周三",23,41
1541,2016,4,28,"周四",23,25
1542,2016,4,29,"周五",23,32
1543,2016,4,30,"周六",23,21
1544,2016,5,1,"周日",23,28
1545,2016,5,2,"周一",23,28
1546,2016,5,3,"周二",23,22
1547,2016,5,4,"周三",23,35
1548,2016,5,5,"周四",23,42
1549,2016,5,6,"周五",23,48
1550,2016,5,7,"周六",23,10
1551,2016,5,8,"周日",23,46
1552,2016,5,9,"周一",23,36
1553,2016,5,10,"周二",23,32
1554,2016,5,11,"周三",23,45
1555,2016,5,12,"周四",23,44
1556,2016,5,13,"周五",23,23
1557,2016,5,14,"周六",23,41
1558,2016,5,15,"周日",23,22
1559,2016,5,16,"周一",23,27
1560,2016,5,17,"周二",23,34
1561,2016,5,18,"周三",23,43
1562,2016,5,19,"周四",23,53
1563,2016,5,21,"周六",23,47
1564,2016,5,22,"周日",23,32
1565,2016,5,23,"周一",23,49
1566,2016,5,24,"周二",23,38
1567,2016,5,25,"周三",23,43
1568,2016,5,26,"周四",23,42
1569,2016,5,27,"周五",23,41
1570,2016,5,28,"周六",23,33
1571,2016,5,29,"周日",23,47
1572,2016,5,30,"周一",23,23
1573,2016,5,31,"周二",23,28
1574,2016,6,1,"周三",23,34
1575,2016,6,2,"周四",23,34
1576,2016,6,3,"周五",23,31
1577,2016,6,4,"周六",23,28
1578,2016,6,5,"周日",24,11
1579,2016,6,6,"周一",23,37
1580,2016,6,7,"周二",23,34
1581,2016,6,8,"周三",23,39
1582,2016,6,9,"周四",23,44
1583,2016,6,10,"周五",23,35
1584,2016,6,11,"周六",23,50
1585,2016,6,12,"周日",23,33
1586,2016,6,13,"周一",22,51
1587,2016,6,14,"周二",23,37
1588,2016,6,15,"周三",23,25
1589,2016,6,16,"周四",22,43
1590,2016,6,17,"周五",22,59
1591,2016,6,18,"周六",23,41
1592,2016,6,19,"周日",23,44
1593,2016,6,20,"周一",23,46
1594,2016,6,21,"周二",22,58
1595,2016,6,22,"周三",23,41
1596,2016,6,23,"周四",23,38
1597,2016,6,24,"周五",23,8
1598,2016,6,25,"周六",23,29
1599,2016,6,26,"周日",22,58
1600,2016,6,27,"周一",23,38
1601,2016,6,28,"周二",23,39
1602,2016,6,29,"周三",23,29
1603,2016,6,29,"周四",23,57
1604,2016,7,1,"周五",23,26
1605,2016,7,2,"周六",23,44
1606,2016,7,3,"周日",23,27
1607,2016,7,4,"周一",23,30
1608,2016,7,5,"周二",23,23
1609,2016,7,6,"周三",23,30
1610,2016,7,7,"周四",22,39
1611,2016,7,8,"周五",23,24
1612,2016,7,9,"周六",22,40
1613,2016,7,10,"周日",22,55
1614,2016,7,11,"周一",22,22
1615,2016,7,12,"周二",22,50
1616,2016,7,13,"周三",23,14
1617,2016,7,14,"周四",23,12
1618,2016,7,15,"周五",23,22
1619,2016,7,16,"周六",23,11
1620,2016,7,17,"周日",23,50
1621,2016,7,18,"周一",23,38
1622,2016,7,19,"周二",23,32
1623,2016,7,20,"周三",23,52
1624,2016,7,21,"周四",23,28
1625,2016,7,22,"周五",23,36
1626,2016,7,23,"周六",23,20
1627,2016,7,24,"周日",22,39
1628,2016,7,25,"周一",23,11
1629,2016,7,26,"周二",22,58
1630,2016,7,27,"周三",23,15
1631,2016,7,28,"周四",23,6
1632,2016,7,29,"周五",22,57
1633,2016,7,30,"周六",22,35
1634,2016,7,31,"周日",23,6
1635,2016,8,1,"周一",23,39
1636,2016,8,2,"周二",23,20
1637,2016,8,3,"周三",23,42
1638,2016,8,4,"周四",23,25
1639,2016,8,5,"周五",23,38
1640,2016,8,6,"周六",23,19
1641,2016,8,7,"周日",23,42
1642,2016,8,8,"周一",23,25
1643,2016,8,9,"周二",22,59
1644,2016,8,10,"周三",23,21
1645,2016,8,11,"周四",23,16
1646,2016,8,12,"周五",23,20
1647,2016,8,13,"周六",23,31
1648,2016,8,14,"周日",23,11
1649,2016,8,15,"周一",23,54
1650,2016,8,16,"周二",23,6
1651,2016,8,17,"周三",23,50
1652,2016,8,18,"周四",22,50
1653,2016,8,19,"周五",23,45
1654,2016,8,20,"周六",22,53
1655,2016,8,21,"周日",23,27
1656,2016,8,22,"周一",22,46
1657,2016,8,23,"周二",23,7
1658,2016,8,24,"周三",23,10
1659,2016,8,25,"周四",23,14
1660,2016,8,26,"周五",23,32
1661,2016,8,27,"周六",23,52
1662,2016,8,28,"周日",23,49
1663,2016,8,29,"周一",23,30
1664,2016,8,30,"周二",23,16
1665,2016,8,31,"周三",22,37
1666,2016,9,1,"周四",23,23
1667,2016,9,2,"周五",23,41
1668,2016,9,3,"周六",23,8
1669,2016,9,4,"周日",23,21
1670,2016,9,5,"周一",23,19
1671,2016,9,6,"周二",22,36
1672,2016,9,7,"周三",23,48
1673,2016,9,8,"周四",23,20
1674,2016,9,9,"周五",23,1
1675,2016,9,10,"周六",23,42
1676,2016,9,11,"周日",22,49
1677,2016,9,12,"周一",22,39
1678,2016,9,13,"周二",23,26
1679,2016,9,14,"周三",23,12
1680,2016,9,15,"周四",23,46
1681,2016,9,16,"周五",23,28
1682,2016,9,17,"周六",23,2
1683,2016,9,18,"周日",22,56
1684,2016,9,19,"周一",23,31
1685,2016,9,20,"周二",22,45
1686,2016,9,21,"周三",23,14
1687,2016,9,22,"周四",23,15
1688,2016,9,23,"周五",23,55
1689,2016,9,24,"周六",23,16
1690,2016,9,25,"周日",24,1
1691,2016,9,26,"周一",22,44
1692,2016,9,27,"周二",23,35
1693,2016,9,28,"周三",23,18
1694,2016,9,29,"周四",22,48
1695,2016,9,30,"周五",23,36
1696,2016,10,1,"周六",23,16
1697,2016,10,2,"周日",22,36
1698,2016,10,3,"周一",23,31
1699,2016,10,4,"周二",22,54
1700,2016,10,5,"周三",22,51
1701,2016,10,6,"周四",22,40
1702,2016,10,7,"周五",18,41
1703,2016,10,8,"周六",23,16
1704,2016,10,9,"周日",22,43
1705,2016,10,10,"周一",22,54
1706,2016,10,11,"周二",23,9
1707,2016,10,12,"周三",23,49
1708,2016,10,13,"周四",23,15
1709,2016,10,14,"周五",23,27
1710,2016,10,15,"周六",23,5
1711,2016,10,16,"周日",23,11
1712,2016,10,17,"周一",23,2
1713,2016,10,18,"周二",18,19
1714,2016,10,19,"周三",23,41
1715,2016,10,20,"周四",22,40
1716,2016,10,21,"周五",18,20
1717,2016,10,22,"周六",23,10
1718,2016,10,23,"周日",22,51
1719,2016,10,24,"周一",23,32
1720,2016,10,25,"周二",18,17
1721,2016,10,26,"周三",23,29
1722,2016,10,27,"周四",23,25
1723,2016,10,28,"周五",24,30
1724,2016,10,29,"周六",22,52
1725,2016,10,30,"周日",23,16
1726,2016,10,31,"周一",23,56
1727,2016,11,1,"周二",23,34
1728,2016,11,2,"周三",23,11
1729,2016,11,3,"周四",23,51
1730,2016,11,4,"周五",23,49
1731,2016,11,5,"周六",23,54
1732,2016,11,6,"周日",18,26
1733,2016,11,7,"周一",23,45
1734,2016,11,8,"周二",18,7
1735,2016,11,9,"周三",23,49
1736,2016,11,10,"周四",23,45
1737,2016,11,12,"周六",23,51
1738,2016,11,13,"周日",24,2
1739,2016,11,14,"周一",23,46
1740,2016,11,15,"周二",18,20
1741,2016,11,16,"周三",23,40
1742,2016,11,17,"周四",23,41
1743,2016,11,18,"周五",23,0
1744,2016,11,19,"周六",23,52
1745,2016,11,20,"周日",22,57
1746,2016,11,21,"周一",23,13
1747,2016,11,22,"周二",17,21
1748,2016,11,23,"周三",24,0
1749,2016,11,24,"周四",23,53
1750,2016,11,26,"周六",23,54
1751,2016,11,27,"周日",18,26
1752,2016,11,28,"周一",22,47
1753,2016,11,29,"周二",18,42
1754,2016,11,30,"周三",23,41
1755,2016,12,1,"周四",23,45
1756,2016,12,2,"周五",23,50
1757,2016,12,3,"周六",23,58
1758,2016,12,4,"周日",23,48
1759,2016,12,5,"周一",23,39
1760,2016,12,6,"周二",18,8
1761,2016,12,7,"周三",23,35
1762,2016,12,8,"周四",22,46
1763,2016,12,9,"周五",23,56
1764,2016,12,10,"周六",22,56
1765,2016,12,11,"周日",18,10
1766,2016,12,12,"周一",23,48
1767,2016,12,13,"周二",23,24
1768,2016,12,14,"周三",23,56
1769,2016,12,15,"周四",23,20
1770,2016,12,16,"周五",24,14
1771,2016,12,17,"周六",23,55
1772,2016,12,18,"周日",23,37
1773,2016,12,19,"周一",24,0
1774,2016,12,20,"周二",23,55
1775,2016,12,21,"周三",23,56
1776,2016,12,22,"周四",23,16
1777,2016,12,23,"周五",23,30
1778,2016,12,24,"周六",21,57
1779,2016,12,25,"周日",23,7
1780,2016,12,26,"周一",23,47
1781,2016,12,27,"周二",18,36
1782,2016,12,28,"周三",22,27
1783,2016,12,29,"周四",22,19
1784,2016,12,30,"周五",23,57
1785,2016,12,31,"周六",22,21
1786,2017,1,1,"周日",23,16
1787,2017,1,2,"周一",23,1
1788,2017,1,3,"周二",18,35
1789,2017,1,4,"周三",23,54
1790,2017,1,6,"周五",23,47
1791,2017,1,7,"周六",24,15
1792,2017,1,8,"周日",23,56
1793,2017,1,9,"周一",17,47
1794,2017,1,10,"周二",24,17
1795,2017,1,11,"周三",23,9
1796,2017,1,12,"周四",22,54
1797,2017,1,13,"周五",23,42
1798,2017,1,14,"周六",23,58
1799,2017,1,15,"周日",23,41
1800,2017,1,16,"周一",23,56
1801,2017,1,17,"周二",23,40
1802,2017,1,18,"周三",23,0
1803,2017,1,19,"周四",23,32
1804,2017,1,20,"周五",22,32
1805,2017,1,21,"周六",23,45
1806,2017,1,22,"周日",24,8
1807,2017,1,23,"周一",24,12
1808,2017,1,24,"周二",23,28
1809,2017,1,25,"周三",23,52
1810,2017,1,26,"周四",23,48
1811,2017,1,27,"周五",24,29
1812,2017,1,28,"周六",22,49
1813,2017,1,29,"周日",23,27
1814,2017,1,30,"周一",24,14
1815,2017,1,31,"周二",23,28
1816,2017,2,1,"周三",22,47
1817,2017,2,2,"周四",23,1
1818,2017,2,3,"周五",22,38
1819,2017,2,4,"周六",23,25
1820,2017,2,5,"周日",23,4
1821,2017,2,6,"周一",23,30
1822,2017,2,7,"周二",23,42
1823,2017,2,8,"周三",23,35
1824,2017,2,9,"周四",23,46
1825,2017,2,10,"周五",23,5
1826,2017,2,11,"周六",23,8
1827,2017,2,12,"周日",23,38
1828,2017,2,13,"周一",23,44
1829,2017,2,14,"周二",23,56
1830,2017,2,15,"周三",23,43
1831,2017,2,16,"周四",23,39
1832,2017,2,17,"周五",20,48
1833,2017,2,18,"周六",22,48
1834,2017,2,19,"周日",21,11
1835,2017,2,20,"周一",22,58
1836,2017,2,21,"周二",20,32
1837,2017,2,22,"周三",22,39
1838,2017,2,23,"周四",22,51
1839,2017,2,24,"周五",23,46
1840,2017,2,25,"周六",23,56
1841,2017,2,26,"周日",22,2
1842,2017,2,27,"周一",23,57
1843,2017,2,28,"周二",23,47
1844,2017,3,1,"周三",24,2
1845,2017,3,2,"周四",23,32
1846,2017,3,3,"周五",22,33
1847,2017,3,4,"周六",22,51
1848,2017,3,5,"周日",22,32
1849,2017,3,6,"周一",23,15
1850,2017,3,7,"周二",23,29
1851,2017,3,8,"周三",22,47
1852,2017,3,9,"周四",22,59
1853,2017,3,10,"周五",23,58
1854,2017,3,11,"周六",22,56
1855,2017,3,12,"周日",22,58
1856,2017,3,13,"周一",20,38
1857,2017,3,14,"周二",22,36
1858,2017,3,15,"周三",17,56
1859,2017,3,16,"周四",22,51
1860,2017,3,17,"周五",23,16
1861,2017,3,18,"周六",23,26
1862,2017,3,19,"周日",22,34
1863,2017,3,20,"周一",23,2
1864,2017,3,21,"周二",24,4
1865,2017,3,22,"周三",23,26
1866,2017,3,23,"周四",23,32
1867,2017,3,24,"周五",23,36
1868,2017,3,25,"周六",22,45
1869,2017,3,26,"周日",22,6
1870,2017,3,27,"周一",23,39
1871,2017,3,28,"周二",23,45
1872,2017,3,29,"周三",21,21
1873,2017,3,30,"周四",23,27
1874,2017,3,31,"周五",23,8
1875,2017,4,1,"周六",22,32
1876,2017,4,2,"周日",23,5
1877,2017,4,3,"周一",22,58
1878,2017,4,4,"周一",24,37
1879,2017,4,5,"周二",22,50
1880,2017,4,7,"周四",22,36
1881,2017,4,8,"周六",23,57
1882,2017,4,9,"周日",23,32
1883,2017,4,10,"周一",23,26
1884,2017,4,11,"周二",23,42
1885,2017,4,12,"周三",22,21
1886,2017,4,13,"周四",23,49
1887,2017,4,14,"周五",23,49
1888,2017,4,15,"周六",22,2
1889,2017,4,16,"周日",22,46
1890,2017,4,17,"周一",23,14
1891,2017,4,18,"周二",22,41
1892,2017,4,19,"周三",22,43
1893,2017,4,21,"周五",22,46
1894,2017,4,22,"周六",23,12
1895,2017,4,23,"周日",22,40
1896,2017,4,24,"周一",23,37
1897,2017,4,25,"周二",22,57
1898,2017,4,26,"周三",22,23
1899,2017,4,27,"周四",23,50
1900,2017,4,28,"周五",23,54
1901,2017,4,29,"周六",24,4
1902,2017,4,30,"周日",22,49
1903,2017,5,1,"周一",24,4
1904,2017,5,3,"周三",22,48
1905,2017,5,4,"周四",22,40
1906,2017,5,5,"周五",23,6
1907,2017,5,6,"周六",23,39
1908,2017,5,7,"周日",21,46
1909,2017,5,8,"周一",21,23
1910,2017,5,9,"周二",22,21
1911,2017,5,10,"周三",21,56
1912,2017,5,12,"周五",22,52
1913,2017,5,13,"周六",21,31
1914,2017,5,14,"周日",22,9
1915,2017,5,15,"周一",21,15
1916,2017,5,16,"周二",22,4
1917,2017,5,17,"周三",21,28
1918,2017,5,18,"周四",22,45
1919,2017,5,19,"周五",23,52
1920,2017,5,20,"周六",23,19
1921,2017,5,21,"周日",24,17
1922,2017,5,22,"周一",23,44
1923,2017,5,23,"周二",24,23
1924,2017,5,24,"周三",23,32
1925,2017,5,25,"周四",23,48
1926,2016,5,26,"周五",23,45
1927,2017,5,27,"周六",23,24
1928,2017,5,28,"周日",23,22
1929,2017,5,29,"周一",24,16
1930,2017,5,30,"周二",23,56
1931,2017,5,31,"周三",23,50
1932,2017,6,1,"周四",23,7
1933,2017,6,2,"周五",23,3
1934,2017,6,3,"周六",24,6
1935,2017,6,4,"周日",22,51
1936,2017,6,5,"周一",22,37
1937,2017,6,6,"周二",22,24
1938,2017,6,7,"周三",23,6
1939,2017,6,8,"周四",24,7
1940,2017,6,9,"周五",23,30
1941,2017,6,10,"周六",23,12
1942,2017,6,11,"周日",24,23
1943,2017,6,12,"周一",23,26
1944,2017,6,13,"周二",21,47
1945,2017,6,14,"周三",24,19
1946,2017,6,15,"周四",22,46
1947,2017,6,16,"周五",23,57
1948,2017,6,17,"周六",21,32
1949,2017,6,18,"周日",23,10
1950,2017,6,19,"周一",23,5
1951,2017,6,20,"周二",23,40
1952,2017,6,21,"周三",23,26
1953,2017,6,22,"周四",23,19
1954,2017,6,23,"周五",23,54
1955,2017,6,24,"周六",23,6
1956,2017,6,25,"周日",24,10
1957,2017,6,26,"周一",23,51
1958,2017,6,27,"周二",23,38
1959,2017,6,28,"周三",24,0
1960,2017,6,29,"周四",22,58
1961,2017,6,30,"周五",22,30
1962,2017,7,1,"周六",24,28
1963,2017,7,2,"周日",25,14
1964,2017,7,3,"周一",23,29
1965,2017,7,4,"周二",22,44
1966,2017,7,5,"周三",22,38
1967,2017,7,6,"周四",22,37
1968,2017,7,7,"周五",23,35
1969,2017,7,8,"周六",22,51
1970,2017,7,9,"周日",22,20
1971,2017,7,10,"周一",23,48
1972,2017,7,11,"周二",23,3
1973,2017,7,12,"周三",23,22
1974,2017,7,13,"周四",22,4
1975,2017,7,14,"周五",22,33
1976,2017,7,15,"周六",23,25
1977,2017,7,16,"周日",23,10
1978,2017,7,17,"周一",22,56
1979,2017,7,18,"周二",23,23
1980,2017,7,19,"周三",23,5
1981,2017,7,20,"周四",22,42
1982,2017,7,21,"周五",23,31
1983,2017,7,22,"周六",23,54
1984,2017,7,23,"周日",23,38
1985,2017,7,24,"周一",24,33
1986,2017,7,25,"周二",23,52
1987,2017,7,26,"周三",23,24
1988,2017,7,27,"周四",23,50
1989,2017,7,28,"周五",23,26
1990,2017,7,29,"周六",23,51
1991,2017,7,30,"周日",23,0
1992,2017,7,31,"周一",24,5
1993,2017,8,1,"周二",24,14
1994,2017,8,2,"周三",23,25
1995,2017,8,3,"周四",24,10
1996,2017,8,4,"周五",23,47
1997,2017,8,5,"周六",25,9
1998,2017,8,6,"周日",23,28
1999,2017,8,7,"周一",23,52
2000,2017,8,8,"周二",22,20
2001,2017,8,9,"周三",23,45
2002,2017,8,10,"周四",23,41
2003,2017,8,11,"周五",23,58
2004,2017,8,12,"周六",23,7
2005,2017,8,13,"周日",22,43
2006,2017,8,14,"周一",23,38
2007,2017,8,15,"周二",23,46
2008,2017,8,16,"周三",23,26
2009,2017,8,17,"周四",23,52
2010,2017,8,18,"周五",23,44
2011,2017,8,19,"周六",23,31
2012,2017,8,20,"周日",23,5
2013,2017,8,21,"周一",23,40
2014,2017,8,22,"周二",23,4
2015,2017,8,23,"周三",23,51
2016,2017,8,24,"周四",23,1
2017,2017,8,25,"周五",22,56
2018,2017,8,26,"周六",22,55
2019,2017,8,27,"周日",23,44
2020,2017,8,28,"周一",24,8
2021,2017,8,29,"周二",22,46
2022,2017,8,30,"周三",23,24
2023,2017,8,31,"周四",23,7
2024,2017,9,1,"周五",23,24
2025,2017,9,2,"周六",21,59
2026,2017,9,3,"周日",23,37
2027,2017,9,4,"周一",23,11
2028,2017,9,5,"周二",24,13
2029,2017,9,6,"周三",22,52
2030,2017,9,7,"周四",23,39
2031,2017,9,8,"周五",23,25
2032,2017,9,9,"周六",23,24
2033,2017,9,10,"周日",23,4
2034,2017,9,11,"周一",22,26
2035,2017,9,12,"周二",23,34
2036,2017,9,13,"周三",21,15
2037,2017,9,14,"周四",23,16
2038,2017,9,15,"周五",23,57
2039,2017,9,16,"周六",23,17
2040,2017,9,17,"周日",23,52
2041,2017,9,18,"周一",23,27
2042,2017,9,19,"周二",23,7
2043,2017,9,20,"周三",24,4
2044,2017,9,21,"周四",23,34
2045,2017,9,22,"周五",24,24
2046,2017,9,23,"周六",24,28
2047,2017,9,24,"周日",24,7
2048,2017,9,25,"周一",24,12
2049,2017,9,26,"周二",24,1
2050,2017,9,27,"周三",23,39
2051,2017,9,28,"周四",22,53
2052,2017,9,29,"周五",24,47
2053,2017,9,30,"周六",23,30
2054,2017,10,1,"周日",23,44
2055,2017,10,2,"周一",23,1
2056,2017,10,3,"周二",22,40
2057,2017,10,4,"周三",23,39
2058,2017,10,5,"周四",23,28
2059,2017,10,6,"周五",23,45
2060,2017,10,7,"周六",24,9
2061,2017,10,8,"周日",23,38
2062,2017,10,9,"周一",22,31
2063,2017,10,10,"周二",22,37
2064,2017,10,11,"周三",23,36
2065,2017,10,12,"周四",23,58
2066,2017,10,13,"周五",22,38
2067,2017,10,14,"周六",22,26
2068,2017,10,15,"周日",23,29
2069,2017,10,16,"周一",23,47
2070,2017,10,17,"周二",23,15
2071,2017,10,18,"周三",23,36
2072,2017,10,19,"周四",24,26
2073,2017,10,20,"周五",24,13
2074,2017,10,21,"周六",23,57
2075,2017,10,22,"周日",24,11
2076,2017,10,23,"周一",23,51
2077,2017,10,24,"周二",24,20
2078,2017,10,25,"周三",22,47
2079,2017,10,26,"周四",24,24
2080,2017,10,27,"周五",23,51
2081,2017,10,28,"周六",22,37
2082,2017,10,29,"周日",23,58
2083,2017,10,30,"周一",23,51
2084,2017,10,31,"周二",23,48
2085,2017,11,1,"周三",23,5
2086,2017,11,3,"周五",22,38
2087,2017,11,4,"周六",22,54
2088,2017,11,5,"周日",24,27
2089,2017,11,7,"周二",22,50
2090,2017,11,8,"周三",24,40
2091,2017,11,9,"周四",23,46
2092,2017,11,10,"周五",24,23
2093,2017,11,11,"周六",23,19
2094,2017,11,12,"周日",23,17
2095,2017,11,13,"周一",23,32
2096,2017,11,14,"周二",24,5
2097,2017,11,15,"周三",23,11
2098,2017,11,16,"周四",24,31
2099,2017,11,17,"周五",24,8
2100,2017,11,18,"周六",22,39
2101,2017,11,19,"周日",24,4
2102,2017,11,20,"周一",23,24
2103,2017,11,21,"周二",23,45
2104,2017,11,22,"周三",23,25
2105,2017,11,23,"周四",24,15
2106,2017,11,24,"周五",22,46
2107,2017,11,25,"周六",22,3
2108,2017,11,26,"周日",22,9
2109,2017,11,27,"周一",23,41
2110,2017,11,28,"周二",24,3
2111,2017,11,29,"周三",23,13
2112,2017,11,30,"周四",23,7
2113,2017,12,1,"周五",22,57
2114,2017,12,2,"周六",24,6
2115,2017,12,3,"周日",22,34
2116,2017,12,4,"周一",23,36
2117,2017,12,5,"周二",22,11
2118,2017,12,6,"周三",23,53
2119,2017,12,7,"周四",24,35
2120,2017,12,8,"周五",23,43
2121,2017,12,9,"周六",22,44
2122,2017,12,10,"周日",23,44
2123,2017,12,11,"周一",22,9
2124,2017,12,12,"周二",22,15
2125,2017,12,13,"周三",23,8
2126,2017,12,14,"周四",23,55
2127,2017,12,15,"周五",24,3
2128,2017,12,16,"周六",24,3
2129,2017,12,17,"周日",24,26
2130,2017,12,18,"周一",23,2
2131,2017,12,19,"周二",23,5
2132,2017,12,20,"周三",23,27
2133,2017,12,21,"周四",23,48
2134,2017,12,22,"周五",24,2
2135,2017,12,23,"周六",23,47
2136,2017,12,24,"周日",24,21
2137,2017,12,25,"周一",24,24
2138,2017,12,26,"周二",23,14
2139,2017,12,27,"周三",24,18
2140,2017,12,28,"周四",24,14
2141,2017,12,29,"周五",23,49
2142,2017,12,30,"周六",24,10
2143,2017,12,31,"周日",22,16
2144,2018,1,1,"周一",22,39
2145,2018,1,2,"周二",22,31
2146,2018,1,3,"周三",22,47
2147,2018,1,4,"周四",24,12
2148,2018,1,5,"周五",24,9
2149,2018,1,6,"周六",24,0
2150,2018,1,7,"周日",23,35
2151,2018,1,8,"周一",23,54
2152,2018,1,9,"周二",24,11
2153,2018,1,10,"周三",24,34
2154,2018,1,11,"周四",24,29
2155,2018,1,12,"周五",23,35
2156,2018,1,13,"周六",23,53
2157,2018,1,14,"周日",24,20
2158,2018,1,15,"周一",23,53
2159,2018,1,16,"周二",23,54
2160,2018,1,17,"周三",24,3
2161,2018,1,18,"周四",23,47
2162,2018,1,19,"周五",23,52
2163,2018,1,20,"周六",23,39
2164,2018,1,21,"周日",24,27
2165,2018,1,22,"周一",23,22
2166,2018,1,23,"周二",23,55
2167,2018,1,24,"周三",24,1
2168,2018,1,25,"周四",22,37
2169,2018,1,26,"周五",23,23
2170,2018,1,27,"周六",24,7
2171,2018,1,28,"周日",23,46
2172,2018,1,29,"周一",23,29
2173,2018,1,30,"周二",22,59
2174,2018,1,31,"周三",22,25
2175,2018,2,1,"周四",24,1
2176,2018,2,2,"周五",23,57
2177,2018,2,3,"周六",24,51
2178,2018,2,4,"周日",23,49
2179,2018,2,5,"周一",23,52
2180,2018,2,6,"周二",24,21
2181,2018,2,7,"周三",24,9
2182,2018,2,8,"周四",24,21
2183,2018,2,9,"周五",22,56
2184,2018,2,10,"周六",24,45
2185,2018,2,11,"周日",24,37
2186,2018,2,12,"周一",24,34
2187,2018,2,13,"周二",23,47
2188,2018,2,14,"周三",24,27
2189,2018,2,15,"周四",24,42
2190,2018,2,16,"周五",22,29
2191,2018,2,17,"周六",22,44
2192,2018,2,18,"周日",23,47
2193,2018,2,20,"周二",24,10
2194,2018,2,21,"周三",24,41
2195,2018,2,22,"周四",24,9
2196,2018,2,23,"周五",24,57
2197,2018,2,24,"周六",23,48
2198,2018,2,25,"周日",25,6
2199,2018,2,26,"周一",24,20
2200,2018,2,27,"周二",25,3
2201,2018,2,28,"周三",22,46
2202,2018,3,1,"周四",22,38
2203,2018,3,2,"周五",24,31
2204,2018,3,3,"周六",24,18
2205,2018,3,4,"周日",23,4
2206,2018,3,5,"周一",24,43
2207,2018,3,6,"周二",24,24
2208,2018,3,7,"周三",24,30
2209,2018,3,8,"周四",22,52
2210,2018,3,9,"周五",23,56
2211,2018,3,10,"周六",24,0
2212,2018,3,11,"周日",24,51
2213,2018,3,12,"周一",24,9
2214,2018,3,13,"周二",23,59
2215,2018,3,14,"周三",23,36
2216,2018,3,15,"周四",24,10
2217,2018,3,16,"周五",23,23
2218,2018,3,17,"周六",22,49
2219,2018,3,18,"周日",23,49
2220,2018,3,19,"周一",24,30
2221,2018,3,20,"周二",23,54
2222,2018,3,21,"周三",22,49
2223,2018,3,22,"周四",23,13
2224,2018,3,23,"周五",23,37
2225,2018,3,24,"周六",22,2
2226,2018,3,25,"周日",22,48
2227,2018,3,26,"周一",23,39
2228,2018,3,27,"周二",23,51
2229,2018,3,28,"周三",23,54
2230,2018,3,29,"周四",23,26
2231,2018,3,30,"周五",23,11
2232,2018,3,31,"周六",21,50
2233,2018,4,1,"周日",23,56
2234,2018,4,2,"周一",23,27
2235,2018,4,3,"周二",24,19
2236,2018,4,4,"周三",23,28
2237,2018,4,5,"周四",23,27
2238,2018,4,6,"周五",23,37
2239,2018,4,7,"周六",23,36
2240,2018,4,8,"周日",23,38
2241,2018,4,9,"周一",23,43
2242,2018,4,10,"周二",23,16
2243,2018,4,11,"周三",23,11
2244,2018,4,12,"周四",22,44
2245,2018,4,13,"周五",22,46
2246,2018,4,14,"周六",23,53
2247,2018,4,15,"周日",23,1
2248,2018,4,16,"周一",23,26
2249,2018,4,17,"周二",22,34
2250,2018,4,18,"周三",23,33
2251,2018,4,19,"周四",22,43
2252,2018,4,20,"周五",22,55
2253,2018,4,21,"周六",23,19
2254,2018,2,22,"周日",23,55
2255,2018,2,23,"周一",23,44
2256,2018,4,24,"周二",23,38
2257,2018,4,25,"周三",23,16
2258,2018,4,26,"周四",23,59
2259,2018,4,27,"周五",23,55
2260,2018,4,28,"周六",24,4
2261,2018,4,29,"周日",24,16
2262,2018,4,30,"周一",23,50
2263,2018,5,1,"周二",23,57
2264,2018,5,2,"周三",23,56
2265,2018,5,3,"周四",23,26
2266,2018,5,4,"周五",22,22
2267,2018,5,5,"周六",23,7
2268,2018,5,6,"周日",24,26
2269,2018,5,7,"周一",22,41
2270,2018,5,8,"周二",22,7
2271,2018,5,9,"周三",24,0
2272,2018,5,10,"周四",23,31
2273,2018,5,11,"周五",22,27
2274,2018,5,12,"周六",23,49
2275,2018,5,13,"周日",24,27
2276,2018,5,14,"周一",23,36
2277,2018,5,15,"周二",23,8
2278,2018,5,16,"周三",23,10
2279,2018,5,17,"周四",23,30
2280,2018,5,18,"周五",23,1
2281,2018,5,19,"周六",23,47
2282,2018,5,21,"周一",23,30
2283,2018,5,22,"周二",24,6
2284,2018,5,23,"周三",24,3
2285,2018,5,24,"周四",23,48
2286,2018,5,26,"周六",22,58
2287,2018,5,27,"周日",23,24
2288,2018,5,28,"周一",23,40
2289,2018,5,29,"周二",24,18
2290,2018,5,30,"周三",24,8
2291,2018,5,31,"周四",22,23
2292,2018,6,1,"周五",23,10
2293,2018,6,2,"周六",22,23
2294,2018,6,3,"周日",22,23
2295,2018,6,4,"周一",22,18
2296,2018,6,5,"周二",23,7
2297,2018,6,6,"周三",24,5
2298,2018,6,7,"周四",23,56
2299,2018,6,8,"周五",22,53
2300,2018,6,9,"周六",22,4
2301,2018,6,10,"周日",23,25
2302,2018,6,11,"周一",23,50
2303,2018,6,13,"周三",24,1
2304,2018,6,14,"周四",23,36
2305,2018,6,15,"周五",22,29
2306,2018,6,16,"周六",24,16
2307,2018,6,17,"周日",23,14
2308,2018,6,18,"周一",24,4
2309,2018,6,19,"周二",23,45
2310,2018,6,20,"周三",23,15
2311,2018,6,21,"周四",23,46
2312,2018,6,22,"周五",23,43
2313,2018,6,23,"周六",22,20
2314,2018,6,24,"周日",23,17
2315,2018,6,25,"周一",23,12
2316,2018,6,26,"周二",23,15
2317,2018,6,27,"周三",22,9
2318,2018,6,28,"周四",23,2
2319,2018,6,29,"周五",23,28
2320,2018,6,30,"周六",23,56
2321,2018,7,1,"周日",22,27
2322,2018,7,2,"周一",22,3
2323,2018,7,3,"周二",22,13
2324,2018,7,4,"周三",21,58
2325,2018,7,5,"周四",22,13
2326,2018,7,6,"周五",24,2
2327,2018,7,7,"周六",22,0
2328,2018,7,8,"周日",23,13
2329,2018,7,9,"周一",24,2
2330,2018,7,10,"周二",24,9
2331,2018,7,11,"周三",23,58
2332,2018,7,12,"周四",23,29
2333,2018,7,13,"周五",23,17
2334,2018,7,14,"周六",23,28
2335,2018,7,15,"周日",23,4
2336,2018,7,16,"周一",22,54
2337,2018,7,17,"周二",23,39
2338,2018,7,18,"周三",24,1
2339,2018,7,19,"周四",23,28
2340,2018,7,20,"周五",25,50
2341,2018,7,22,"周日",22,53
2342,2018,7,23,"周一",23,48
2343,2018,7,24,"周二",23,40
2344,2018,7,25,"周三",23,55
2345,2018,7,26,"周四",24,5
2346,2018,7,27,"周五",22,16
2347,2018,7,28,"周日",22,1
2348,2018,7,29,"周日",22,36
2349,2018,7,30,"周一",21,53
2350,2018,7,31,"周二",24,39
2351,2018,8,1,"周三",22,10
2352,2018,8,2,"周四",22,15
2353,2018,8,4,"周六",21,17
2354,2018,8,5,"周日",23,19
2355,2018,8,6,"周一",23,45
2356,2018,8,7,"周二",23,30
2357,2018,8,8,"周三",23,31
2358,2018,8,9,"周四",22,43
2359,2018,8,10,"周五",22,30
2360,2018,8,11,"周六",22,7
2361,2018,8,12,"周日",23,22
2362,2018,8,13,"周一",23,21
2363,2018,8,14,"周二",22,26
2364,2018,8,15,"周三",22,24
2365,2018,8,16,"周四",22,15
2366,2018,8,17,"周五",22,51
2367,2018,8,18,"周六",21,46
2368,2018,8,19,"周日",22,0
2369,2018,8,20,"周一",22,45
2370,2018,8,21,"周二",21,42
2371,2018,8,22,"周三",23,24
2372,2018,8,23,"周四",23,58
2373,2018,8,24,"周五",22,48
2374,2018,8,25,"周六",22,17
2375,2018,8,26,"周日",21,57
2376,2018,8,27,"周一",25,33
2377,2018,8,28,"周二",23,42
2378,2018,8,29,"周三",23,57
2379,2018,8,30,"周四",22,16
2380,2018,8,31,"周五",23,3
2381,2018,9,1,"周日",22,5
2382,2018,9,2,"周日",22,39
2383,2018,9,3,"周一",23,14
2384,2018,9,4,"周二",24,8
2385,2018,9,5,"周三",22,6
2386,2018,9,6,"周四",22,17
2387,2018,9,7,"周五",21,52
2388,2018,9,8,"周六",21,46
2389,2018,9,9,"周日",22,52
2390,2018,9,10,"周一",23,44
2391,2018,9,11,"周二",22,6
2392,2018,9,12,"周三",21,51
2393,2018,9,13,"周四",23,26
2394,2018,9,14,"周五",21,57
2395,2018,9,15,"周六",22,52
2396,2018,9,16,"周日",22,11
2397,2018,9,17,"周一",23,49
2398,2018,9,18,"周二",22,37
2399,2018,9,19,"周三",21,50
2400,2018,9,20,"周四",22,33
2401,2018,9,21,"周五",22,34
2402,2018,9,22,"周六",22,5
2403,2018,9,23,"周日",21,40
2404,2018,9,24,"周一",22,38
2405,2018,9,25,"周二",22,44
2406,2018,9,26,"周三",22,6
2407,2018,9,27,"周四",23,16
2408,2018,9,28,"周五",23,2
2409,2018,9,29,"周六",21,59
